"fix_time","fix_item","trial","subject","rt","value_down_boundary","value_up_boundary","choice"
208,3,2,3,1587,16,16,"-1"
238,1,2,3,1587,16,16,"-1"
12,3,2,3,1587,16,16,"-1"
224,-1,2,3,1587,16,16,"-1"
124,3,2,3,1587,16,16,"-1"
222,1,2,3,1587,16,16,"-1"
559,3,2,3,1587,16,16,"-1"
694,3,11,3,1151,18,10,"-1"
260,-1,11,3,1151,18,10,"-1"
197,3,11,3,1151,18,10,"-1"
475,3,12,3,1166,2,16,"1"
553,-1,12,3,1166,2,16,"1"
138,3,12,3,1166,2,16,"1"
471,3,13,3,982,8,2,"-1"
221,-1,13,3,982,8,2,"-1"
290,3,13,3,982,8,2,"-1"
203,3,16,3,3747,12,16,"1"
363,-1,16,3,3747,12,16,"1"
254,3,16,3,3747,12,16,"1"
1791,-1,16,3,3747,12,16,"1"
1136,3,16,3,3747,12,16,"1"
221,3,18,3,1563,8,16,"1"
213,-1,18,3,1563,8,16,"1"
282,3,18,3,1563,8,16,"1"
259,-1,18,3,1563,8,16,"1"
588,3,18,3,1563,8,16,"1"
519,3,20,3,1161,20,16,"-1"
321,-1,20,3,1161,20,16,"-1"
321,3,20,3,1161,20,16,"-1"
556,3,21,3,1068,2,18,"1"
512,-1,21,3,1068,2,18,"1"
480,3,23,3,2367,8,14,"1"
345,-1,23,3,2367,8,14,"1"
886,3,23,3,2367,8,14,"1"
450,-1,23,3,2367,8,14,"1"
206,3,23,3,2367,8,14,"1"
212,3,26,3,1149,20,20,"-1"
201,-1,26,3,1149,20,20,"-1"
15,3,26,3,1149,20,20,"-1"
358,1,26,3,1149,20,20,"-1"
16,3,26,3,1149,20,20,"-1"
347,-1,26,3,1149,20,20,"-1"
210,3,28,3,2035,6,4,"-1"
190,-1,28,3,2035,6,4,"-1"
13,3,28,3,2035,6,4,"-1"
270,1,28,3,2035,6,4,"-1"
16,3,28,3,2035,6,4,"-1"
472,-1,28,3,2035,6,4,"-1"
17,3,28,3,2035,6,4,"-1"
383,1,28,3,2035,6,4,"-1"
8,3,28,3,2035,6,4,"-1"
456,-1,28,3,2035,6,4,"-1"
233,3,29,3,2165,6,18,"1"
420,-1,29,3,2165,6,18,"1"
6,3,29,3,2165,6,18,"1"
1506,1,29,3,2165,6,18,"1"
243,3,30,3,3914,12,18,"1"
197,1,30,3,3914,12,18,"1"
20,3,30,3,3914,12,18,"1"
462,-1,30,3,3914,12,18,"1"
8,3,30,3,3914,12,18,"1"
284,-1,30,3,3914,12,18,"1"
515,1,30,3,3914,12,18,"1"
134,3,30,3,3914,12,18,"1"
297,1,30,3,3914,12,18,"1"
16,3,30,3,3914,12,18,"1"
870,-1,30,3,3914,12,18,"1"
10,3,30,3,3914,12,18,"1"
858,1,30,3,3914,12,18,"1"
227,3,31,3,1185,4,20,"1"
182,1,31,3,1185,4,20,"1"
35,3,31,3,1185,4,20,"1"
285,-1,31,3,1185,4,20,"1"
278,1,31,3,1185,4,20,"1"
12,3,31,3,1185,4,20,"1"
166,-1,31,3,1185,4,20,"1"
245,3,32,3,2298,6,14,"1"
413,1,32,3,2298,6,14,"1"
4,3,32,3,2298,6,14,"1"
468,-1,32,3,2298,6,14,"1"
144,3,32,3,2298,6,14,"1"
646,1,32,3,2298,6,14,"1"
20,3,32,3,2298,6,14,"1"
358,-1,32,3,2298,6,14,"1"
235,3,35,3,1029,18,8,"-1"
330,1,35,3,1029,18,8,"-1"
23,3,35,3,1029,18,8,"-1"
441,-1,35,3,1029,18,8,"-1"
245,3,36,3,3432,4,12,"1"
209,1,36,3,3432,4,12,"1"
270,3,36,3,3432,4,12,"1"
1272,-1,36,3,3432,4,12,"1"
22,3,36,3,3432,4,12,"1"
361,1,36,3,3432,4,12,"1"
31,3,36,3,3432,4,12,"1"
809,-1,36,3,3432,4,12,"1"
16,3,36,3,3432,4,12,"1"
197,1,36,3,3432,4,12,"1"
196,3,38,3,868,12,4,"-1"
232,-1,38,3,868,12,4,"-1"
15,3,38,3,868,12,4,"-1"
425,1,38,3,868,12,4,"-1"
237,3,39,3,1251,6,16,"1"
198,1,39,3,1251,6,16,"1"
22,3,39,3,1251,6,16,"1"
417,-1,39,3,1251,6,16,"1"
18,3,39,3,1251,6,16,"1"
359,1,39,3,1251,6,16,"1"
213,3,40,3,936,18,6,"-1"
250,-1,40,3,936,18,6,"-1"
34,3,40,3,936,18,6,"-1"
262,1,40,3,936,18,6,"-1"
16,3,40,3,936,18,6,"-1"
161,-1,40,3,936,18,6,"-1"
196,3,41,3,1068,10,8,"-1"
199,-1,41,3,1068,10,8,"-1"
17,3,41,3,1068,10,8,"-1"
364,1,41,3,1068,10,8,"-1"
28,3,41,3,1068,10,8,"-1"
264,-1,41,3,1068,10,8,"-1"
295,3,42,3,1043,16,20,"-1"
415,-1,42,3,1043,16,20,"-1"
14,3,42,3,1043,16,20,"-1"
319,1,42,3,1043,16,20,"-1"
251,3,44,3,885,4,4,"-1"
235,1,44,3,885,4,4,"-1"
8,3,44,3,885,4,4,"-1"
335,-1,44,3,885,4,4,"-1"
7,3,44,3,885,4,4,"-1"
49,1,44,3,885,4,4,"-1"
4,3,52,3,1431,16,2,"-1"
375,-1,52,3,1431,16,2,"-1"
8,3,52,3,1431,16,2,"-1"
546,1,52,3,1431,16,2,"-1"
15,3,52,3,1431,16,2,"-1"
437,-1,52,3,1431,16,2,"-1"
46,3,52,3,1431,16,2,"-1"
249,3,55,3,883,6,6,"-1"
211,1,55,3,883,6,6,"-1"
36,3,55,3,883,6,6,"-1"
283,-1,55,3,883,6,6,"-1"
17,3,55,3,883,6,6,"-1"
87,1,55,3,883,6,6,"-1"
1066,3,56,3,1532,8,6,"-1"
458,-1,56,3,1532,8,6,"-1"
8,3,56,3,1532,8,6,"-1"
9,3,57,3,1551,14,20,"-1"
1542,-1,57,3,1551,14,20,"-1"
284,3,58,3,1069,2,10,"1"
221,1,58,3,1069,2,10,"1"
8,3,58,3,1069,2,10,"1"
524,-1,58,3,1069,2,10,"1"
32,3,58,3,1069,2,10,"1"
258,3,59,3,1024,18,14,"-1"
182,1,59,3,1024,18,14,"-1"
18,3,59,3,1024,18,14,"-1"
533,-1,59,3,1024,18,14,"-1"
33,3,59,3,1024,18,14,"-1"
267,3,65,3,1339,2,12,"1"
425,1,65,3,1339,2,12,"1"
3,3,65,3,1339,2,12,"1"
644,-1,65,3,1339,2,12,"1"
242,3,66,3,816,2,20,"1"
166,1,66,3,816,2,20,"1"
21,3,66,3,816,2,20,"1"
387,-1,66,3,816,2,20,"1"
84,-1,68,3,833,8,18,"1"
60,3,68,3,833,8,18,"1"
433,-1,68,3,833,8,18,"1"
20,3,68,3,833,8,18,"1"
236,-1,68,3,833,8,18,"1"
198,3,71,3,1328,4,18,"1"
143,-1,71,3,1328,4,18,"1"
16,3,71,3,1328,4,18,"1"
312,1,71,3,1328,4,18,"1"
11,3,71,3,1328,4,18,"1"
442,-1,71,3,1328,4,18,"1"
27,3,71,3,1328,4,18,"1"
179,1,71,3,1328,4,18,"1"
587,3,72,3,1754,18,18,"-1"
191,-1,72,3,1754,18,18,"-1"
19,3,72,3,1754,18,18,"-1"
620,1,72,3,1754,18,18,"-1"
59,3,72,3,1754,18,18,"-1"
278,-1,72,3,1754,18,18,"-1"
272,3,73,3,727,2,2,"-1"
455,1,73,3,727,2,2,"-1"
245,3,77,3,1364,14,2,"-1"
1119,-1,77,3,1364,14,2,"-1"
1179,3,80,3,1179,16,4,"-1"
1083,3,84,3,1967,10,18,"1"
562,-1,84,3,1967,10,18,"1"
17,3,84,3,1967,10,18,"1"
305,1,84,3,1967,10,18,"1"
312,3,87,3,937,12,8,"-1"
269,1,87,3,937,12,8,"-1"
21,3,87,3,937,12,8,"-1"
335,-1,87,3,937,12,8,"-1"
621,3,88,3,1038,16,18,"-1"
417,-1,88,3,1038,16,18,"-1"
674,3,92,3,1178,18,16,"-1"
192,1,92,3,1178,18,16,"-1"
8,3,92,3,1178,18,16,"-1"
304,-1,92,3,1178,18,16,"-1"
258,-1,97,3,768,20,2,"-1"
9,3,97,3,768,20,2,"-1"
501,1,97,3,768,20,2,"-1"
217,-1,98,3,1434,12,10,"-1"
17,3,98,3,1434,12,10,"-1"
221,1,98,3,1434,12,10,"-1"
11,3,98,3,1434,12,10,"-1"
968,-1,98,3,1434,12,10,"-1"
251,3,1,4,1496,16,10,"-1"
165,1,1,4,1496,16,10,"-1"
12,3,1,4,1496,16,10,"-1"
521,-1,1,4,1496,16,10,"-1"
422,3,1,4,1496,16,10,"-1"
125,1,1,4,1496,16,10,"-1"
209,3,2,4,1205,16,16,"-1"
220,-1,2,4,1205,16,16,"-1"
13,3,2,4,1205,16,16,"-1"
392,1,2,4,1205,16,16,"-1"
8,3,2,4,1205,16,16,"-1"
363,-1,2,4,1205,16,16,"-1"
91,-1,3,4,3243,14,20,"-1"
171,3,3,4,3243,14,20,"-1"
307,1,3,4,3243,14,20,"-1"
18,3,3,4,3243,14,20,"-1"
741,-1,3,4,3243,14,20,"-1"
20,3,3,4,3243,14,20,"-1"
1304,1,3,4,3243,14,20,"-1"
20,3,3,4,3243,14,20,"-1"
560,-1,3,4,3243,14,20,"-1"
11,3,3,4,3243,14,20,"-1"
171,3,4,4,1479,6,4,"-1"
311,-1,4,4,1479,6,4,"-1"
16,3,4,4,1479,6,4,"-1"
505,1,4,4,1479,6,4,"-1"
7,3,4,4,1479,6,4,"-1"
469,-1,4,4,1479,6,4,"-1"
172,3,5,4,1336,2,4,"1"
278,-1,5,4,1336,2,4,"1"
18,3,5,4,1336,2,4,"1"
349,1,5,4,1336,2,4,"1"
4,3,5,4,1336,2,4,"1"
515,-1,5,4,1336,2,4,"1"
539,3,6,4,1065,10,8,"-1"
526,-1,6,4,1065,10,8,"-1"
335,3,7,4,1319,20,12,"-1"
211,-1,7,4,1319,20,12,"-1"
16,3,7,4,1319,20,12,"-1"
413,1,7,4,1319,20,12,"-1"
17,3,7,4,1319,20,12,"-1"
327,-1,7,4,1319,20,12,"-1"
224,3,8,4,1337,8,14,"1"
297,-1,8,4,1337,8,14,"1"
17,3,8,4,1337,8,14,"1"
345,1,8,4,1337,8,14,"1"
12,3,8,4,1337,8,14,"1"
442,-1,8,4,1337,8,14,"1"
229,3,9,4,1363,6,10,"1"
212,-1,9,4,1363,6,10,"1"
13,3,9,4,1363,6,10,"1"
445,1,9,4,1363,6,10,"1"
13,3,9,4,1363,6,10,"1"
451,-1,9,4,1363,6,10,"1"
225,3,11,4,1650,12,8,"-1"
285,-1,11,4,1650,12,8,"-1"
12,3,11,4,1650,12,8,"-1"
304,1,11,4,1650,12,8,"-1"
23,3,11,4,1650,12,8,"-1"
325,-1,11,4,1650,12,8,"-1"
211,3,11,4,1650,12,8,"-1"
265,1,11,4,1650,12,8,"-1"
250,3,15,4,1133,18,10,"-1"
188,-1,15,4,1133,18,10,"-1"
25,3,15,4,1133,18,10,"-1"
491,1,15,4,1133,18,10,"-1"
12,3,15,4,1133,18,10,"-1"
167,-1,15,4,1133,18,10,"-1"
228,3,16,4,1066,6,6,"-1"
214,-1,16,4,1066,6,6,"-1"
18,3,16,4,1066,6,6,"-1"
274,1,16,4,1066,6,6,"-1"
19,3,16,4,1066,6,6,"-1"
313,-1,16,4,1066,6,6,"-1"
213,3,18,4,1734,10,16,"1"
229,-1,18,4,1734,10,16,"1"
17,3,18,4,1734,10,16,"1"
333,1,18,4,1734,10,16,"1"
216,3,18,4,1734,10,16,"1"
500,-1,18,4,1734,10,16,"1"
17,3,18,4,1734,10,16,"1"
209,1,18,4,1734,10,16,"1"
224,3,19,4,1134,20,20,"-1"
234,-1,19,4,1134,20,20,"-1"
19,3,19,4,1134,20,20,"-1"
375,1,19,4,1134,20,20,"-1"
14,3,19,4,1134,20,20,"-1"
268,-1,19,4,1134,20,20,"-1"
271,3,20,4,1180,18,12,"-1"
262,-1,20,4,1180,18,12,"-1"
14,3,20,4,1180,18,12,"-1"
357,1,20,4,1180,18,12,"-1"
17,3,20,4,1180,18,12,"-1"
259,-1,20,4,1180,18,12,"-1"
225,3,21,4,1117,6,2,"-1"
254,-1,21,4,1117,6,2,"-1"
19,3,21,4,1117,6,2,"-1"
324,1,21,4,1117,6,2,"-1"
12,3,21,4,1117,6,2,"-1"
283,-1,21,4,1117,6,2,"-1"
237,3,22,4,916,18,8,"-1"
266,-1,22,4,916,18,8,"-1"
17,3,22,4,916,18,8,"-1"
297,1,22,4,916,18,8,"-1"
13,3,22,4,916,18,8,"-1"
86,-1,22,4,916,18,8,"-1"
238,3,23,4,932,16,6,"-1"
400,-1,23,4,932,16,6,"-1"
22,3,23,4,932,16,6,"-1"
253,1,23,4,932,16,6,"-1"
19,3,23,4,932,16,6,"-1"
253,3,24,4,1201,18,20,"-1"
288,-1,24,4,1201,18,20,"-1"
20,3,24,4,1201,18,20,"-1"
266,1,24,4,1201,18,20,"-1"
18,3,24,4,1201,18,20,"-1"
302,-1,24,4,1201,18,20,"-1"
19,3,24,4,1201,18,20,"-1"
35,1,24,4,1201,18,20,"-1"
224,3,25,4,1981,4,16,"1"
730,-1,25,4,1981,4,16,"1"
18,3,25,4,1981,4,16,"1"
1001,1,25,4,1981,4,16,"1"
8,3,25,4,1981,4,16,"1"
239,3,26,4,1881,14,6,"-1"
267,-1,26,4,1881,14,6,"-1"
11,3,26,4,1881,14,6,"-1"
1072,1,26,4,1881,14,6,"-1"
292,3,26,4,1881,14,6,"-1"
298,3,27,4,764,12,4,"-1"
466,-1,27,4,764,12,4,"-1"
355,3,28,4,983,4,20,"1"
599,1,28,4,983,4,20,"1"
18,3,28,4,983,4,20,"1"
11,-1,28,4,983,4,20,"1"
265,3,29,4,1218,8,16,"1"
462,-1,29,4,1218,8,16,"1"
17,3,29,4,1218,8,16,"1"
474,1,29,4,1218,8,16,"1"
281,3,30,4,1001,14,4,"-1"
720,-1,30,4,1001,14,4,"-1"
263,3,31,4,1584,6,18,"1"
283,1,31,4,1584,6,18,"1"
17,3,31,4,1584,6,18,"1"
1021,-1,31,4,1584,6,18,"1"
278,3,32,4,2403,18,16,"-1"
178,1,32,4,2403,18,16,"-1"
27,3,32,4,2403,18,16,"-1"
691,-1,32,4,2403,18,16,"-1"
842,3,32,4,2403,18,16,"-1"
387,-1,32,4,2403,18,16,"-1"
281,3,33,4,917,20,2,"-1"
529,-1,33,4,917,20,2,"-1"
107,3,33,4,917,20,2,"-1"
246,3,34,4,1455,10,6,"-1"
1209,-1,34,4,1455,10,6,"-1"
271,3,35,4,1014,14,8,"-1"
341,-1,35,4,1014,14,8,"-1"
402,3,35,4,1014,14,8,"-1"
266,3,36,4,1217,8,18,"1"
368,-1,36,4,1217,8,18,"1"
3,3,36,4,1217,8,18,"1"
580,1,36,4,1217,8,18,"1"
253,3,37,4,833,10,4,"-1"
580,-1,37,4,833,10,4,"-1"
270,3,38,4,1048,2,8,"1"
234,-1,38,4,1048,2,8,"1"
8,3,38,4,1048,2,8,"1"
356,1,38,4,1048,2,8,"1"
28,3,38,4,1048,2,8,"1"
152,-1,38,4,1048,2,8,"1"
225,3,39,4,1337,16,14,"-1"
505,-1,39,4,1337,16,14,"-1"
16,3,39,4,1337,16,14,"-1"
591,1,39,4,1337,16,14,"-1"
216,3,40,4,1101,8,8,"-1"
272,-1,40,4,1101,8,8,"-1"
20,3,40,4,1101,8,8,"-1"
380,1,40,4,1101,8,8,"-1"
25,3,40,4,1101,8,8,"-1"
188,-1,40,4,1101,8,8,"-1"
255,3,41,4,1200,16,12,"-1"
357,-1,41,4,1200,16,12,"-1"
26,3,41,4,1200,16,12,"-1"
562,1,41,4,1200,16,12,"-1"
245,3,42,4,1133,10,2,"-1"
240,-1,42,4,1133,10,2,"-1"
36,3,42,4,1133,10,2,"-1"
526,1,42,4,1133,10,2,"-1"
16,3,42,4,1133,10,2,"-1"
70,-1,42,4,1133,10,2,"-1"
224,3,43,4,1097,2,16,"1"
330,-1,43,4,1097,2,16,"1"
25,3,43,4,1097,2,16,"1"
518,1,43,4,1097,2,16,"1"
208,3,44,4,816,12,6,"-1"
142,1,44,4,816,12,6,"-1"
17,3,44,4,816,12,6,"-1"
449,-1,44,4,816,12,6,"-1"
298,3,45,4,1216,8,20,"1"
204,1,45,4,1216,8,20,"1"
16,3,45,4,1216,8,20,"1"
408,-1,45,4,1216,8,20,"1"
20,3,45,4,1216,8,20,"1"
270,1,45,4,1216,8,20,"1"
230,3,46,4,1165,4,12,"1"
447,-1,46,4,1165,4,12,"1"
18,3,46,4,1165,4,12,"1"
470,1,46,4,1165,4,12,"1"
266,3,47,4,2832,8,12,"1"
121,1,47,4,2832,8,12,"1"
12,3,47,4,2832,8,12,"1"
589,-1,47,4,2832,8,12,"1"
30,3,47,4,2832,8,12,"1"
261,1,47,4,2832,8,12,"1"
271,3,47,4,2832,8,12,"1"
546,1,47,4,2832,8,12,"1"
181,3,47,4,2832,8,12,"1"
555,1,47,4,2832,8,12,"1"
264,3,48,4,952,20,14,"-1"
288,-1,48,4,952,20,14,"-1"
11,3,48,4,952,20,14,"-1"
389,1,48,4,952,20,14,"-1"
362,3,49,4,1570,4,4,"-1"
400,-1,49,4,1570,4,4,"-1"
17,3,49,4,1570,4,4,"-1"
317,1,49,4,1570,4,4,"-1"
33,3,49,4,1570,4,4,"-1"
441,-1,49,4,1570,4,4,"-1"
240,3,50,4,2320,12,20,"1"
314,-1,50,4,2320,12,20,"1"
15,3,50,4,2320,12,20,"1"
728,1,50,4,2320,12,20,"1"
21,3,50,4,2320,12,20,"1"
404,-1,50,4,2320,12,20,"1"
23,3,50,4,2320,12,20,"1"
575,1,50,4,2320,12,20,"1"
271,3,51,4,881,20,18,"-1"
544,-1,51,4,881,20,18,"-1"
66,3,51,4,881,20,18,"-1"
264,3,52,4,880,10,10,"-1"
616,-1,52,4,880,10,10,"-1"
237,3,53,4,1033,2,18,"1"
308,-1,53,4,1033,2,18,"1"
17,3,53,4,1033,2,18,"1"
471,1,53,4,1033,2,18,"1"
292,3,54,4,967,16,4,"-1"
675,-1,54,4,967,16,4,"-1"
269,3,55,4,2300,4,6,"1"
226,-1,55,4,2300,4,6,"1"
19,3,55,4,2300,4,6,"1"
356,1,55,4,2300,4,6,"1"
27,3,55,4,2300,4,6,"1"
807,-1,55,4,2300,4,6,"1"
596,1,55,4,2300,4,6,"1"
250,3,56,4,1210,4,14,"1"
317,-1,56,4,1210,4,14,"1"
17,3,56,4,1210,4,14,"1"
616,1,56,4,1210,4,14,"1"
10,3,56,4,1210,4,14,"1"
236,3,57,4,2082,14,18,"-1"
277,-1,57,4,2082,14,18,"-1"
17,3,57,4,2082,14,18,"-1"
385,1,57,4,2082,14,18,"-1"
24,3,57,4,2082,14,18,"-1"
965,-1,57,4,2082,14,18,"-1"
34,3,57,4,2082,14,18,"-1"
144,1,57,4,2082,14,18,"-1"
195,3,58,4,1266,4,10,"1"
359,-1,58,4,1266,4,10,"1"
17,3,58,4,1266,4,10,"1"
695,1,58,4,1266,4,10,"1"
208,3,59,4,831,16,8,"-1"
623,-1,59,4,831,16,8,"-1"
249,3,60,4,1348,2,20,"1"
456,-1,60,4,1348,2,20,"1"
25,3,60,4,1348,2,20,"1"
441,1,60,4,1348,2,20,"1"
17,3,60,4,1348,2,20,"1"
160,-1,60,4,1348,2,20,"1"
258,3,61,4,1049,18,4,"-1"
591,-1,61,4,1049,18,4,"-1"
22,3,61,4,1049,18,4,"-1"
178,1,61,4,1049,18,4,"-1"
263,3,62,4,1373,20,16,"-1"
600,-1,62,4,1373,20,16,"-1"
21,3,62,4,1373,20,16,"-1"
342,-1,62,4,1373,20,16,"-1"
147,3,62,4,1373,20,16,"-1"
221,3,63,4,965,18,18,"-1"
274,-1,63,4,965,18,18,"-1"
9,3,63,4,965,18,18,"-1"
461,1,63,4,965,18,18,"-1"
233,3,64,4,1241,8,2,"-1"
333,-1,64,4,1241,8,2,"-1"
17,3,64,4,1241,8,2,"-1"
391,1,64,4,1241,8,2,"-1"
25,3,64,4,1241,8,2,"-1"
242,-1,64,4,1241,8,2,"-1"
202,3,65,4,1016,4,8,"1"
280,-1,65,4,1016,4,8,"1"
17,3,65,4,1016,4,8,"1"
517,1,65,4,1016,4,8,"1"
237,3,66,4,1033,6,16,"1"
261,-1,66,4,1033,6,16,"1"
17,3,66,4,1033,6,16,"1"
351,1,66,4,1033,6,16,"1"
19,3,66,4,1033,6,16,"1"
148,-1,66,4,1033,6,16,"1"
209,3,67,4,781,8,4,"-1"
396,-1,67,4,781,8,4,"-1"
176,3,67,4,781,8,4,"-1"
235,3,68,4,813,20,8,"-1"
533,-1,68,4,813,20,8,"-1"
20,3,68,4,813,20,8,"-1"
25,1,68,4,813,20,8,"-1"
246,3,69,4,982,2,6,"1"
276,-1,69,4,982,2,6,"1"
24,3,69,4,982,2,6,"1"
248,1,69,4,982,2,6,"1"
188,3,69,4,982,2,6,"1"
247,3,70,4,1120,10,20,"1"
263,-1,70,4,1120,10,20,"1"
24,3,70,4,1120,10,20,"1"
455,1,70,4,1120,10,20,"1"
17,3,70,4,1120,10,20,"1"
114,-1,70,4,1120,10,20,"1"
234,3,71,4,968,18,14,"-1"
734,-1,71,4,968,18,14,"-1"
368,3,72,4,1702,2,10,"1"
171,1,72,4,1702,2,10,"1"
29,3,72,4,1702,2,10,"1"
369,-1,72,4,1702,2,10,"1"
27,3,72,4,1702,2,10,"1"
738,1,72,4,1702,2,10,"1"
384,3,73,4,2661,12,18,"1"
432,-1,73,4,2661,12,18,"1"
22,3,73,4,2661,12,18,"1"
716,1,73,4,2661,12,18,"1"
175,3,73,4,2661,12,18,"1"
108,1,73,4,2661,12,18,"1"
83,3,73,4,2661,12,18,"1"
399,-1,73,4,2661,12,18,"1"
29,3,73,4,2661,12,18,"1"
313,1,73,4,2661,12,18,"1"
279,3,74,4,967,20,6,"-1"
265,-1,74,4,967,20,6,"-1"
28,3,74,4,967,20,6,"-1"
329,1,74,4,967,20,6,"-1"
66,3,74,4,967,20,6,"-1"
220,3,75,4,1032,20,4,"-1"
642,-1,75,4,1032,20,4,"-1"
32,3,75,4,1032,20,4,"-1"
138,1,75,4,1032,20,4,"-1"
252,3,76,4,950,2,14,"1"
290,-1,76,4,950,2,14,"1"
20,3,76,4,950,2,14,"1"
388,1,76,4,950,2,14,"1"
223,3,77,4,1099,10,12,"-1"
876,-1,77,4,1099,10,12,"-1"
278,3,78,4,997,4,18,"1"
501,-1,78,4,997,4,18,"1"
25,3,78,4,997,4,18,"1"
193,1,78,4,997,4,18,"1"
225,3,79,4,840,14,14,"-1"
317,-1,79,4,840,14,14,"-1"
17,3,79,4,840,14,14,"-1"
281,1,79,4,840,14,14,"-1"
238,3,80,4,1081,8,6,"-1"
345,-1,80,4,1081,8,6,"-1"
13,3,80,4,1081,8,6,"-1"
395,1,80,4,1081,8,6,"-1"
25,3,80,4,1081,8,6,"-1"
65,-1,80,4,1081,8,6,"-1"
280,3,81,4,914,20,10,"-1"
634,-1,81,4,914,20,10,"-1"
205,3,82,4,966,14,12,"-1"
258,-1,82,4,966,14,12,"-1"
10,3,82,4,966,14,12,"-1"
493,1,82,4,966,14,12,"-1"
285,3,83,4,1319,4,2,"-1"
415,-1,83,4,1319,4,2,"-1"
9,3,83,4,1319,4,2,"-1"
380,1,83,4,1319,4,2,"-1"
17,3,83,4,1319,4,2,"-1"
213,-1,83,4,1319,4,2,"-1"
227,1,85,4,765,14,10,"-1"
291,3,85,4,765,14,10,"-1"
247,1,85,4,765,14,10,"-1"
818,3,86,4,818,12,14,"-1"
264,3,87,4,1201,6,12,"1"
585,-1,87,4,1201,6,12,"1"
22,3,87,4,1201,6,12,"1"
320,-1,87,4,1201,6,12,"1"
10,3,87,4,1201,6,12,"1"
773,3,90,4,1465,16,20,"-1"
692,-1,90,4,1465,16,20,"-1"
244,3,91,4,1098,16,2,"-1"
676,-1,91,4,1098,16,2,"-1"
178,3,91,4,1098,16,2,"-1"
816,3,94,4,816,12,2,"-1"
863,3,96,4,1200,2,12,"1"
337,1,96,4,1200,2,12,"1"
294,3,98,4,1503,6,14,"1"
214,1,98,4,1503,6,14,"1"
541,3,98,4,1503,6,14,"1"
454,1,98,4,1503,6,14,"1"
280,3,100,4,815,12,12,"-1"
128,1,100,4,815,12,12,"-1"
22,3,100,4,815,12,12,"-1"
385,-1,100,4,815,12,12,"-1"
19,3,3,5,1145,18,4,"-1"
608,1,3,5,1145,18,4,"-1"
518,3,3,5,1145,18,4,"-1"
18,3,4,5,2437,12,18,"-1"
193,1,4,5,2437,12,18,"-1"
1459,3,4,5,2437,12,18,"-1"
295,-1,4,5,2437,12,18,"-1"
472,3,4,5,2437,12,18,"-1"
214,1,6,5,1502,2,18,"1"
100,3,6,5,1502,2,18,"1"
64,1,6,5,1502,2,18,"1"
3,3,6,5,1502,2,18,"1"
272,-1,6,5,1502,2,18,"1"
849,3,6,5,1502,2,18,"1"
558,3,10,5,833,12,4,"-1"
275,1,10,5,833,12,4,"-1"
195,3,11,5,851,6,20,"1"
232,1,11,5,851,6,20,"1"
13,3,11,5,851,6,20,"1"
267,-1,11,5,851,6,20,"1"
13,3,11,5,851,6,20,"1"
131,1,11,5,851,6,20,"1"
236,3,12,5,1066,12,12,"-1"
233,1,12,5,1066,12,12,"-1"
7,3,12,5,1066,12,12,"-1"
388,-1,12,5,1066,12,12,"-1"
17,3,12,5,1066,12,12,"-1"
185,1,12,5,1066,12,12,"-1"
253,3,13,5,935,20,18,"-1"
261,1,13,5,935,20,18,"-1"
25,3,13,5,935,20,18,"-1"
59,-1,13,5,935,20,18,"-1"
315,3,13,5,935,20,18,"-1"
22,-1,13,5,935,20,18,"-1"
257,-1,14,5,682,12,10,"-1"
425,3,14,5,682,12,10,"-1"
438,3,15,5,815,6,8,"-1"
322,-1,15,5,815,6,8,"-1"
17,3,15,5,815,6,8,"-1"
38,1,15,5,815,6,8,"-1"
302,3,16,5,1080,18,18,"-1"
231,-1,16,5,1080,18,18,"-1"
12,3,16,5,1080,18,18,"-1"
245,1,16,5,1080,18,18,"-1"
33,3,16,5,1080,18,18,"-1"
71,-1,16,5,1080,18,18,"-1"
186,1,16,5,1080,18,18,"-1"
274,3,18,5,984,2,8,"1"
288,1,18,5,984,2,8,"1"
422,3,18,5,984,2,8,"1"
499,3,19,5,717,16,4,"-1"
218,1,19,5,717,16,4,"-1"
872,3,35,5,872,10,2,"-1"
980,3,36,5,980,16,14,"-1"
819,3,37,5,819,8,4,"-1"
714,3,38,5,2678,8,18,"-1"
62,-1,38,5,2678,8,18,"-1"
1902,3,38,5,2678,8,18,"-1"
869,3,39,5,869,10,10,"-1"
805,3,40,5,805,18,14,"-1"
856,3,41,5,856,20,6,"-1"
466,3,42,5,797,10,8,"-1"
143,-1,42,5,797,10,8,"-1"
188,3,42,5,797,10,8,"-1"
1485,3,43,5,1485,10,16,"-1"
1866,3,44,5,1866,10,18,"-1"
862,3,45,5,862,8,16,"-1"
812,3,46,5,812,10,6,"-1"
315,3,47,5,1366,6,18,"1"
103,-1,47,5,1366,6,18,"1"
948,3,47,5,1366,6,18,"1"
917,3,48,5,917,12,8,"-1"
985,1,54,5,985,14,16,"-1"
276,1,58,5,966,20,14,"-1"
16,3,58,5,966,20,14,"-1"
609,-1,58,5,966,20,14,"-1"
65,3,58,5,966,20,14,"-1"
284,1,60,5,987,4,14,"1"
22,3,60,5,987,4,14,"1"
260,-1,60,5,987,4,14,"1"
421,3,60,5,987,4,14,"1"
730,3,61,5,3799,8,20,"-1"
68,-1,61,5,3799,8,20,"-1"
3001,3,61,5,3799,8,20,"-1"
968,3,62,5,968,8,10,"-1"
976,3,63,5,976,18,2,"-1"
797,3,64,5,797,18,10,"-1"
899,3,65,5,899,20,16,"-1"
883,3,67,5,883,20,20,"-1"
993,3,68,5,993,2,12,"1"
984,3,69,5,984,14,10,"-1"
1316,3,70,5,1316,6,10,"-1"
846,3,71,5,846,6,16,"1"
2832,3,72,5,2832,10,20,"1"
1274,3,74,5,1274,14,2,"-1"
1001,3,75,5,1001,20,12,"-1"
1018,3,76,5,1018,10,12,"-1"
1338,3,78,5,1338,4,10,"1"
707,3,79,5,707,14,14,"-1"
1099,3,81,5,1099,2,10,"1"
1215,3,82,5,1215,4,12,"1"
850,3,83,5,850,8,2,"-1"
1769,3,84,5,1769,2,2,"-1"
950,3,85,5,950,8,14,"-1"
718,3,86,5,718,16,16,"-1"
612,3,87,5,612,16,8,"-1"
737,3,88,5,737,8,8,"-1"
669,3,89,5,669,12,6,"-1"
616,3,90,5,616,20,4,"-1"
658,3,91,5,658,10,4,"-1"
709,3,92,5,709,14,4,"-1"
818,3,93,5,818,12,2,"-1"
1086,3,94,5,1086,2,20,"1"
700,3,95,5,700,18,6,"-1"
685,3,96,5,685,12,20,"-1"
1641,3,97,5,1641,2,4,"1"
1015,3,98,5,1015,14,18,"-1"
671,3,99,5,671,16,6,"-1"
891,3,100,5,891,16,12,"-1"
787,-1,1,6,787,20,20,"-1"
602,-1,2,6,602,10,6,"-1"
587,-1,3,6,587,20,14,"-1"
1583,-1,4,6,1583,8,14,"-1"
679,-1,5,6,679,4,16,"1"
848,-1,6,6,848,16,10,"-1"
617,-1,7,6,617,4,20,"1"
600,-1,8,6,600,2,8,"1"
616,-1,9,6,616,18,6,"-1"
1331,-1,10,6,1331,12,18,"-1"
752,-1,11,6,752,4,14,"1"
738,-1,12,6,738,18,20,"-1"
693,-1,13,6,693,10,12,"-1"
624,-1,14,6,632,18,2,"-1"
8,3,14,6,632,18,2,"-1"
650,-1,15,6,650,2,14,"1"
761,-1,16,6,761,2,4,"-1"
588,-1,17,6,588,6,20,"1"
669,-1,18,6,669,2,10,"1"
788,-1,19,6,788,8,10,"-1"
1000,-1,20,6,1000,12,20,"1"
649,-1,21,6,649,12,4,"-1"
669,-1,22,6,669,12,14,"-1"
617,-1,23,6,617,10,10,"-1"
614,-1,24,6,614,10,4,"-1"
583,-1,25,6,583,16,18,"-1"
613,-1,26,6,613,16,4,"-1"
582,-1,27,6,582,20,18,"-1"
1041,-1,28,6,1083,14,18,"-1"
42,3,28,6,1083,14,18,"-1"
1029,-1,29,6,1029,18,8,"-1"
634,-1,30,6,634,20,6,"-1"
687,-1,31,6,687,20,10,"-1"
635,-1,32,6,635,18,14,"-1"
533,-1,33,6,533,8,6,"-1"
531,-1,34,6,531,4,8,"-1"
657,-1,35,6,657,8,16,"1"
619,-1,36,6,619,6,6,"-1"
749,-1,37,6,749,18,12,"-1"
632,-1,38,6,632,14,16,"-1"
13,3,39,6,1803,6,10,"-1"
1544,-1,39,6,1803,6,10,"-1"
246,3,39,6,1803,6,10,"-1"
159,3,40,6,699,16,16,"-1"
540,-1,40,6,699,16,16,"-1"
1028,-1,41,6,1028,6,14,"1"
636,-1,42,6,636,14,14,"-1"
619,-1,43,6,619,20,4,"-1"
599,-1,44,6,599,20,2,"-1"
538,-1,45,6,538,18,4,"-1"
620,-1,46,6,620,4,6,"-1"
519,-1,47,6,519,6,2,"-1"
568,-1,48,6,568,8,4,"-1"
615,3,49,6,615,4,2,"-1"
545,-1,50,6,549,14,4,"-1"
4,3,50,6,549,14,4,"-1"
726,3,51,6,731,2,20,"1"
5,-1,51,6,731,2,20,"1"
387,3,52,6,684,6,8,"-1"
255,-1,52,6,684,6,8,"-1"
42,3,52,6,684,6,8,"-1"
499,3,53,6,585,18,18,"-1"
86,-1,53,6,585,18,18,"-1"
345,3,54,6,649,8,8,"-1"
304,-1,54,6,649,8,8,"-1"
599,-1,55,6,599,14,2,"-1"
29,3,56,6,633,2,12,"1"
596,-1,56,6,633,2,12,"1"
8,3,56,6,633,2,12,"1"
654,-1,57,6,654,16,6,"-1"
654,3,58,6,1035,10,14,"-1"
381,-1,58,6,1035,10,14,"-1"
628,-1,59,6,628,2,16,"1"
5,3,60,6,680,14,8,"-1"
675,-1,60,6,680,14,8,"-1"
614,-1,61,6,614,12,6,"-1"
664,-1,62,6,664,18,10,"-1"
1054,-1,63,6,1281,14,20,"-1"
227,3,63,6,1281,14,20,"-1"
662,-1,64,6,662,20,8,"-1"
927,-1,65,6,927,2,6,"1"
633,3,66,6,633,4,10,"-1"
612,3,67,6,612,6,16,"1"
637,3,68,6,637,10,8,"-1"
637,3,69,6,766,4,18,"1"
51,-1,69,6,766,4,18,"1"
78,3,69,6,766,4,18,"1"
717,3,70,6,717,8,20,"1"
750,3,71,6,750,8,2,"-1"
646,3,72,6,646,6,4,"-1"
416,3,73,6,587,12,2,"-1"
171,-1,73,6,587,12,2,"-1"
546,3,74,6,2369,8,12,"-1"
441,-1,74,6,2369,8,12,"-1"
341,3,74,6,2369,8,12,"-1"
1041,-1,74,6,2369,8,12,"-1"
705,3,82,6,705,12,8,"-1"
583,3,83,6,583,6,18,"1"
667,3,84,6,667,4,12,"1"
635,3,85,6,635,12,16,"1"
789,3,86,6,789,16,8,"-1"
836,3,87,6,836,16,20,"-1"
615,3,89,6,615,10,2,"-1"
698,3,90,6,698,12,12,"-1"
1079,3,91,6,1079,8,18,"1"
611,3,92,6,611,18,16,"-1"
1304,3,93,6,1304,6,12,"1"
649,3,94,6,649,14,6,"-1"
695,3,95,6,695,12,10,"-1"
602,3,97,6,602,2,2,"-1"
546,3,98,6,546,16,12,"-1"
648,3,99,6,648,20,16,"-1"
733,3,100,6,733,20,12,"-1"
205,3,2,7,2202,14,16,"-1"
339,-1,2,7,2202,14,16,"-1"
21,3,2,7,2202,14,16,"-1"
277,1,2,7,2202,14,16,"-1"
20,3,2,7,2202,14,16,"-1"
424,-1,2,7,2202,14,16,"-1"
17,3,2,7,2202,14,16,"-1"
841,1,2,7,2202,14,16,"-1"
20,3,2,7,2202,14,16,"-1"
38,-1,2,7,2202,14,16,"-1"
301,3,4,7,1542,20,2,"-1"
508,-1,4,7,1542,20,2,"-1"
25,3,4,7,1542,20,2,"-1"
290,1,4,7,1542,20,2,"-1"
14,3,4,7,1542,20,2,"-1"
404,-1,4,7,1542,20,2,"-1"
235,3,6,7,1432,18,6,"-1"
515,-1,6,7,1432,18,6,"-1"
43,3,6,7,1432,18,6,"-1"
318,1,6,7,1432,18,6,"-1"
321,3,6,7,1432,18,6,"-1"
235,3,7,7,1601,20,4,"-1"
1358,-1,7,7,1601,20,4,"-1"
8,3,7,7,1601,20,4,"-1"
252,3,8,7,1847,6,2,"-1"
1134,-1,8,7,1847,6,2,"-1"
430,3,8,7,1847,6,2,"-1"
31,-1,8,7,1847,6,2,"-1"
765,3,9,7,2331,6,20,"1"
1562,1,9,7,2331,6,20,"1"
4,3,9,7,2331,6,20,"1"
83,1,13,7,1600,16,10,"1"
177,3,13,7,1600,16,10,"1"
470,-1,13,7,1600,16,10,"1"
17,3,13,7,1600,16,10,"1"
616,1,13,7,1600,16,10,"1"
17,3,13,7,1600,16,10,"1"
220,-1,13,7,1600,16,10,"1"
231,3,14,7,1464,14,6,"-1"
422,-1,14,7,1464,14,6,"-1"
25,3,14,7,1464,14,6,"-1"
410,1,14,7,1464,14,6,"-1"
17,3,14,7,1464,14,6,"-1"
359,-1,14,7,1464,14,6,"-1"
16,3,17,7,2124,8,16,"1"
41,-1,17,7,2124,8,16,"1"
26,1,17,7,2124,8,16,"1"
167,3,17,7,2124,8,16,"1"
1874,1,17,7,2124,8,16,"1"
12,3,21,7,1386,10,8,"-1"
392,-1,21,7,1386,10,8,"-1"
375,3,21,7,1386,10,8,"-1"
598,1,21,7,1386,10,8,"-1"
9,3,21,7,1386,10,8,"-1"
545,-1,23,7,1913,16,14,"-1"
185,3,23,7,1913,16,14,"-1"
1183,1,23,7,1913,16,14,"-1"
248,3,25,7,1537,10,12,"-1"
44,-1,25,7,1537,10,12,"-1"
0,3,25,7,1537,10,12,"-1"
12,-1,25,7,1537,10,12,"-1"
39,3,25,7,1537,10,12,"-1"
17,1,25,7,1537,10,12,"-1"
1177,-1,25,7,1537,10,12,"-1"
704,3,31,7,1586,14,12,"-1"
156,1,31,7,1586,14,12,"-1"
726,3,31,7,1586,14,12,"-1"
244,3,44,7,2084,16,2,"-1"
600,-1,44,7,2084,16,2,"-1"
229,3,44,7,2084,16,2,"-1"
111,1,44,7,2084,16,2,"-1"
117,3,44,7,2084,16,2,"-1"
67,1,44,7,2084,16,2,"-1"
60,3,44,7,2084,16,2,"-1"
298,-1,44,7,2084,16,2,"-1"
358,3,44,7,2084,16,2,"-1"
76,3,49,7,1417,2,6,"-1"
7,1,49,7,1417,2,6,"-1"
0,-1,49,7,1417,2,6,"-1"
7,3,49,7,1417,2,6,"-1"
1327,1,49,7,1417,2,6,"-1"
254,3,60,7,1956,12,14,"-1"
1702,-1,60,7,1956,12,14,"-1"
215,3,62,7,1623,6,10,"1"
1041,-1,62,7,1623,6,10,"1"
48,3,62,7,1623,6,10,"1"
319,1,62,7,1623,6,10,"1"
243,3,63,7,2087,12,20,"-1"
1026,-1,63,7,2087,12,20,"-1"
25,3,63,7,2087,12,20,"-1"
793,1,63,7,2087,12,20,"-1"
280,3,81,7,2006,6,18,"1"
1201,-1,81,7,2006,6,18,"1"
184,3,81,7,2006,6,18,"1"
333,-1,81,7,2006,6,18,"1"
8,3,81,7,2006,6,18,"1"
216,3,82,7,1298,4,20,"1"
1016,-1,82,7,1298,4,20,"1"
66,3,82,7,1298,4,20,"1"
281,1,1,8,1183,20,18,"-1"
12,3,1,8,1183,20,18,"-1"
293,-1,1,8,1183,20,18,"-1"
597,3,1,8,1183,20,18,"-1"
52,1,3,8,1251,18,10,"-1"
899,3,3,8,1251,18,10,"-1"
300,-1,3,8,1251,18,10,"-1"
213,3,5,8,821,6,20,"-1"
279,-1,5,8,821,6,20,"-1"
329,3,5,8,821,6,20,"-1"
220,1,6,8,935,12,8,"-1"
23,3,6,8,935,12,8,"-1"
266,-1,6,8,935,12,8,"-1"
311,3,6,8,935,12,8,"-1"
115,-1,6,8,935,12,8,"-1"
242,3,7,8,849,12,18,"-1"
236,-1,7,8,849,12,18,"-1"
371,3,7,8,849,12,18,"-1"
61,3,8,8,1288,12,16,"-1"
169,-1,8,8,1288,12,16,"-1"
145,3,8,8,1288,12,16,"-1"
795,1,8,8,1288,12,16,"-1"
16,3,8,8,1288,12,16,"-1"
102,1,8,8,1288,12,16,"-1"
233,1,11,8,848,12,14,"-1"
3,3,11,8,848,12,14,"-1"
200,-1,11,8,848,12,14,"-1"
412,3,11,8,848,12,14,"-1"
207,3,13,8,909,18,6,"-1"
249,-1,13,8,909,18,6,"-1"
453,3,13,8,909,18,6,"-1"
225,3,14,8,845,4,20,"-1"
242,-1,14,8,845,4,20,"-1"
378,3,14,8,845,4,20,"-1"
208,3,15,8,812,2,20,"-1"
114,-1,15,8,812,2,20,"-1"
490,3,15,8,812,2,20,"-1"
226,3,16,8,732,16,12,"-1"
191,-1,16,8,732,16,12,"-1"
315,3,16,8,732,16,12,"-1"
249,3,17,8,749,2,14,"-1"
222,-1,17,8,749,2,14,"-1"
7,3,17,8,749,2,14,"-1"
215,1,17,8,749,2,14,"-1"
56,3,17,8,749,2,14,"-1"
307,3,18,8,786,2,6,"-1"
87,-1,18,8,786,2,6,"-1"
14,3,18,8,786,2,6,"-1"
370,1,18,8,786,2,6,"-1"
8,3,18,8,786,2,6,"-1"
20,-1,20,8,827,10,16,"-1"
214,3,20,8,827,10,16,"-1"
155,-1,20,8,827,10,16,"-1"
99,3,20,8,827,10,16,"-1"
166,1,20,8,827,10,16,"-1"
6,3,20,8,827,10,16,"-1"
93,1,20,8,827,10,16,"-1"
74,3,20,8,827,10,16,"-1"
483,3,21,8,713,16,10,"-1"
226,1,21,8,713,16,10,"-1"
4,3,21,8,713,16,10,"-1"
126,3,25,8,1269,14,12,"-1"
578,1,25,8,1269,14,12,"-1"
518,3,25,8,1269,14,12,"-1"
47,1,25,8,1269,14,12,"-1"
9,3,26,8,881,4,12,"-1"
275,1,26,8,881,4,12,"-1"
597,3,26,8,881,4,12,"-1"
125,1,27,8,1085,8,16,"-1"
157,3,27,8,1085,8,16,"-1"
803,-1,27,8,1085,8,16,"-1"
445,3,29,8,787,6,4,"-1"
167,1,29,8,787,6,4,"-1"
175,3,29,8,787,6,4,"-1"
145,3,30,8,773,14,4,"-1"
67,1,30,8,773,14,4,"-1"
180,3,30,8,773,14,4,"-1"
66,1,30,8,773,14,4,"-1"
315,3,30,8,773,14,4,"-1"
218,3,31,8,782,14,20,"-1"
242,-1,31,8,782,14,20,"-1"
14,3,31,8,782,14,20,"-1"
308,1,31,8,782,14,20,"-1"
216,3,32,8,766,12,20,"-1"
358,-1,32,8,766,12,20,"-1"
17,3,32,8,766,12,20,"-1"
175,1,32,8,766,12,20,"-1"
218,3,33,8,719,6,16,"-1"
159,-1,33,8,719,6,16,"-1"
17,3,33,8,719,6,16,"-1"
325,1,33,8,719,6,16,"-1"
45,3,34,8,818,18,16,"-1"
265,1,34,8,818,18,16,"-1"
22,3,34,8,818,18,16,"-1"
206,-1,34,8,818,18,16,"-1"
280,3,34,8,818,18,16,"-1"
257,3,36,8,713,8,8,"-1"
307,-1,36,8,713,8,8,"-1"
149,3,36,8,713,8,8,"-1"
784,1,40,8,784,20,4,"-1"
69,1,42,8,771,10,14,"-1"
193,3,42,8,771,10,14,"-1"
135,-1,42,8,771,10,14,"-1"
374,3,42,8,771,10,14,"-1"
225,1,46,8,723,6,10,"-1"
57,3,46,8,723,6,10,"-1"
190,-1,46,8,723,6,10,"-1"
251,3,46,8,723,6,10,"-1"
238,3,48,8,784,16,6,"-1"
196,1,48,8,784,16,6,"-1"
350,3,48,8,784,16,6,"-1"
20,1,52,8,821,6,2,"-1"
17,3,52,8,821,6,2,"-1"
126,-1,52,8,821,6,2,"-1"
139,3,52,8,821,6,2,"-1"
79,1,52,8,821,6,2,"-1"
115,3,52,8,821,6,2,"-1"
325,1,52,8,821,6,2,"-1"
229,3,53,8,684,6,14,"-1"
166,-1,53,8,684,6,14,"-1"
199,3,53,8,684,6,14,"-1"
90,-1,53,8,684,6,14,"-1"
258,3,56,8,696,18,2,"-1"
117,-1,56,8,696,18,2,"-1"
236,3,56,8,696,18,2,"-1"
85,1,56,8,696,18,2,"-1"
490,3,58,8,802,12,6,"-1"
53,1,58,8,802,12,6,"-1"
259,3,58,8,802,12,6,"-1"
409,1,62,8,797,20,12,"-1"
388,3,62,8,797,20,12,"-1"
209,1,63,8,631,14,8,"-1"
221,3,63,8,631,14,8,"-1"
3,-1,63,8,631,14,8,"-1"
17,1,63,8,631,14,8,"-1"
181,3,63,8,631,14,8,"-1"
80,3,65,8,805,4,8,"-1"
227,1,65,8,805,4,8,"-1"
222,3,65,8,805,4,8,"-1"
2,1,65,8,805,4,8,"-1"
274,-1,65,8,805,4,8,"-1"
213,1,2,9,2062,12,6,"1"
166,3,2,9,2062,12,6,"1"
349,-1,2,9,2062,12,6,"1"
247,3,2,9,2062,12,6,"1"
113,-1,2,9,2062,12,6,"1"
553,3,2,9,2062,12,6,"1"
167,1,2,9,2062,12,6,"1"
13,3,2,9,2062,12,6,"1"
241,-1,2,9,2062,12,6,"1"
508,1,3,9,2919,20,12,"1"
211,3,3,9,2919,20,12,"1"
162,-1,3,9,2919,20,12,"1"
260,3,3,9,2919,20,12,"1"
84,1,3,9,2919,20,12,"1"
356,3,3,9,2919,20,12,"1"
123,1,3,9,2919,20,12,"1"
343,3,3,9,2919,20,12,"1"
282,-1,3,9,2919,20,12,"1"
235,3,3,9,2919,20,12,"1"
355,1,3,9,2919,20,12,"1"
204,1,4,9,2445,18,2,"1"
20,3,4,9,2445,18,2,"1"
379,-1,4,9,2445,18,2,"1"
20,3,4,9,2445,18,2,"1"
158,1,4,9,2445,18,2,"1"
650,3,4,9,2445,18,2,"1"
508,-1,4,9,2445,18,2,"1"
180,1,4,9,2445,18,2,"1"
307,3,4,9,2445,18,2,"1"
19,1,4,9,2445,18,2,"1"
395,1,5,9,2133,6,12,"1"
16,3,5,9,2133,6,12,"1"
463,-1,5,9,2133,6,12,"1"
484,3,5,9,2133,6,12,"1"
525,-1,5,9,2133,6,12,"1"
12,3,5,9,2133,6,12,"1"
238,1,5,9,2133,6,12,"1"
221,3,6,9,1829,6,6,"-1"
167,-1,6,9,1829,6,6,"-1"
17,3,6,9,1829,6,6,"-1"
66,1,6,9,1829,6,6,"-1"
334,3,6,9,1829,6,6,"-1"
198,-1,6,9,1829,6,6,"-1"
266,3,6,9,1829,6,6,"-1"
202,-1,6,9,1829,6,6,"-1"
20,3,6,9,1829,6,6,"-1"
258,1,6,9,1829,6,6,"-1"
13,3,6,9,1829,6,6,"-1"
67,-1,6,9,1829,6,6,"-1"
224,1,7,9,1549,14,2,"1"
21,3,7,9,1549,14,2,"1"
422,-1,7,9,1549,14,2,"1"
882,3,7,9,1549,14,2,"1"
437,1,8,9,2548,12,16,"1"
26,3,8,9,2548,12,16,"1"
346,-1,8,9,2548,12,16,"1"
12,3,8,9,2548,12,16,"1"
116,1,8,9,2548,12,16,"1"
351,3,8,9,2548,12,16,"1"
157,1,8,9,2548,12,16,"1"
22,3,8,9,2548,12,16,"1"
521,-1,8,9,2548,12,16,"1"
560,3,8,9,2548,12,16,"1"
246,1,10,9,2194,10,14,"1"
145,3,10,9,2194,10,14,"1"
263,-1,10,9,2194,10,14,"1"
853,3,10,9,2194,10,14,"1"
220,-1,10,9,2194,10,14,"1"
193,3,10,9,2194,10,14,"1"
89,-1,10,9,2194,10,14,"1"
15,3,10,9,2194,10,14,"1"
170,1,10,9,2194,10,14,"1"
416,1,11,9,3184,2,8,"-1"
17,3,11,9,3184,2,8,"-1"
545,-1,11,9,3184,2,8,"-1"
22,3,11,9,3184,2,8,"-1"
92,1,11,9,3184,2,8,"-1"
84,3,11,9,3184,2,8,"-1"
399,-1,11,9,3184,2,8,"-1"
6,3,11,9,3184,2,8,"-1"
245,1,11,9,3184,2,8,"-1"
12,3,11,9,3184,2,8,"-1"
286,-1,11,9,3184,2,8,"-1"
378,3,11,9,3184,2,8,"-1"
336,-1,11,9,3184,2,8,"-1"
307,3,11,9,3184,2,8,"-1"
39,1,11,9,3184,2,8,"-1"
251,1,12,9,4144,8,18,"1"
192,3,12,9,4144,8,18,"1"
272,-1,12,9,4144,8,18,"1"
10,3,12,9,4144,8,18,"1"
77,1,12,9,4144,8,18,"1"
358,3,12,9,4144,8,18,"1"
2935,-1,12,9,4144,8,18,"1"
49,3,12,9,4144,8,18,"1"
330,1,14,9,4398,20,2,"-1"
196,-1,14,9,4398,20,2,"-1"
387,3,14,9,4398,20,2,"-1"
176,1,14,9,4398,20,2,"-1"
17,3,14,9,4398,20,2,"-1"
275,-1,14,9,4398,20,2,"-1"
472,3,14,9,4398,20,2,"-1"
270,-1,14,9,4398,20,2,"-1"
292,3,14,9,4398,20,2,"-1"
392,-1,14,9,4398,20,2,"-1"
407,3,14,9,4398,20,2,"-1"
445,-1,14,9,4398,20,2,"-1"
739,3,14,9,4398,20,2,"-1"
388,1,15,9,1245,18,16,"1"
16,3,15,9,1245,18,16,"1"
331,-1,15,9,1245,18,16,"1"
18,3,15,9,1245,18,16,"1"
163,1,15,9,1245,18,16,"1"
329,3,15,9,1245,18,16,"1"
412,1,16,9,1133,6,10,"1"
17,3,16,9,1133,6,10,"1"
357,-1,16,9,1133,6,10,"1"
137,3,16,9,1133,6,10,"1"
210,1,16,9,1133,6,10,"1"
358,1,17,9,1880,16,14,"1"
17,3,17,9,1880,16,14,"1"
596,-1,17,9,1880,16,14,"1"
909,3,17,9,1880,16,14,"1"
21,1,18,9,1149,2,18,"-1"
214,3,18,9,1149,2,18,"-1"
221,-1,18,9,1149,2,18,"-1"
8,3,18,9,1149,2,18,"-1"
176,1,18,9,1149,2,18,"-1"
8,3,18,9,1149,2,18,"-1"
307,-1,18,9,1149,2,18,"-1"
11,3,18,9,1149,2,18,"-1"
178,1,18,9,1149,2,18,"-1"
5,3,18,9,1149,2,18,"-1"
225,1,19,9,1915,8,8,"-1"
146,3,19,9,1915,8,8,"-1"
117,1,19,9,1915,8,8,"-1"
17,3,19,9,1915,8,8,"-1"
187,-1,19,9,1915,8,8,"-1"
321,3,19,9,1915,8,8,"-1"
625,-1,19,9,1915,8,8,"-1"
277,3,19,9,1915,8,8,"-1"
596,1,20,9,1632,12,14,"1"
42,3,20,9,1632,12,14,"1"
421,-1,20,9,1632,12,14,"1"
6,3,20,9,1632,12,14,"1"
275,1,20,9,1632,12,14,"1"
16,3,20,9,1632,12,14,"1"
276,-1,20,9,1632,12,14,"1"
212,1,21,9,1795,2,20,"-1"
13,3,21,9,1795,2,20,"-1"
245,-1,21,9,1795,2,20,"-1"
1210,3,21,9,1795,2,20,"-1"
115,-1,21,9,1795,2,20,"-1"
252,1,23,9,1119,18,20,"1"
154,3,23,9,1119,18,20,"1"
191,-1,23,9,1119,18,20,"1"
362,3,23,9,1119,18,20,"1"
160,-1,23,9,1119,18,20,"1"
224,1,25,9,2330,20,18,"-1"
3,3,25,9,2330,20,18,"-1"
336,-1,25,9,2330,20,18,"-1"
8,3,25,9,2330,20,18,"-1"
78,1,25,9,2330,20,18,"-1"
737,3,25,9,2330,20,18,"-1"
700,-1,25,9,2330,20,18,"-1"
28,3,25,9,2330,20,18,"-1"
166,1,25,9,2330,20,18,"-1"
50,3,25,9,2330,20,18,"-1"
250,1,26,9,1066,2,10,"1"
8,3,26,9,1066,2,10,"1"
276,-1,26,9,1066,2,10,"1"
124,3,26,9,1066,2,10,"1"
111,1,26,9,1066,2,10,"1"
159,3,26,9,1066,2,10,"1"
138,-1,26,9,1066,2,10,"1"
405,1,27,9,1067,16,18,"1"
25,3,27,9,1067,16,18,"1"
395,-1,27,9,1067,16,18,"1"
22,3,27,9,1067,16,18,"1"
125,1,27,9,1067,16,18,"1"
95,3,27,9,1067,16,18,"1"
385,1,28,9,3819,20,10,"1"
19,3,28,9,3819,20,10,"1"
839,-1,28,9,3819,20,10,"1"
300,3,28,9,3819,20,10,"1"
689,-1,28,9,3819,20,10,"1"
296,3,28,9,3819,20,10,"1"
637,-1,28,9,3819,20,10,"1"
8,3,28,9,3819,20,10,"1"
426,1,28,9,3819,20,10,"1"
220,3,28,9,3819,20,10,"1"
240,1,29,9,948,16,12,"1"
18,3,29,9,948,16,12,"1"
250,-1,29,9,948,16,12,"1"
20,3,29,9,948,16,12,"1"
266,1,29,9,948,16,12,"1"
143,3,29,9,948,16,12,"1"
11,1,29,9,948,16,12,"1"
320,1,30,9,1348,20,8,"-1"
20,3,30,9,1348,20,8,"-1"
201,-1,30,9,1348,20,8,"-1"
17,3,30,9,1348,20,8,"-1"
78,1,30,9,1348,20,8,"-1"
551,3,30,9,1348,20,8,"-1"
111,-1,30,9,1348,20,8,"-1"
50,3,30,9,1348,20,8,"-1"
232,3,1,10,232,20,16,"1"
215,3,2,10,1919,2,2,"1"
205,1,2,10,1919,2,2,"1"
21,3,2,10,1919,2,2,"1"
1478,-1,2,10,1919,2,2,"1"
192,3,3,10,2179,14,2,"1"
987,1,3,10,2179,14,2,"1"
30,3,3,10,2179,14,2,"1"
970,1,3,10,2179,14,2,"1"
118,1,5,10,2988,10,10,"-1"
113,3,5,10,2988,10,10,"-1"
417,1,5,10,2988,10,10,"-1"
491,3,5,10,2988,10,10,"-1"
357,1,5,10,2988,10,10,"-1"
347,3,5,10,2988,10,10,"-1"
355,1,5,10,2988,10,10,"-1"
790,3,5,10,2988,10,10,"-1"
476,1,6,10,2603,12,4,"1"
329,3,6,10,2603,12,4,"1"
127,-1,6,10,2603,12,4,"1"
431,3,6,10,2603,12,4,"1"
916,1,6,10,2603,12,4,"1"
32,3,6,10,2603,12,4,"1"
292,-1,6,10,2603,12,4,"1"
720,1,7,10,1146,10,2,"1"
196,3,7,10,1146,10,2,"1"
230,1,7,10,1146,10,2,"1"
228,3,8,10,3257,20,6,"-1"
228,1,8,10,3257,20,6,"-1"
33,3,8,10,3257,20,6,"-1"
1331,-1,8,10,3257,20,6,"-1"
1345,3,8,10,3257,20,6,"-1"
92,1,8,10,3257,20,6,"-1"
648,1,9,10,1363,2,8,"1"
172,3,9,10,1363,2,8,"1"
460,1,9,10,1363,2,8,"1"
83,3,9,10,1363,2,8,"1"
229,1,10,10,2080,18,12,"1"
1164,3,10,10,2080,18,12,"1"
212,1,10,10,2080,18,12,"1"
475,3,10,10,2080,18,12,"1"
239,1,11,10,2371,10,14,"1"
1349,3,11,10,2371,10,14,"1"
135,1,11,10,2371,10,14,"1"
31,3,11,10,2371,10,14,"1"
290,-1,11,10,2371,10,14,"1"
327,3,11,10,2371,10,14,"1"
411,1,12,10,2715,12,10,"1"
397,3,12,10,2715,12,10,"1"
318,1,12,10,2715,12,10,"1"
659,3,12,10,2715,12,10,"1"
572,1,12,10,2715,12,10,"1"
358,3,12,10,2715,12,10,"1"
261,3,13,10,1832,16,20,"-1"
155,1,13,10,1832,16,20,"-1"
966,3,13,10,1832,16,20,"-1"
288,1,13,10,1832,16,20,"-1"
162,3,13,10,1832,16,20,"-1"
754,1,14,10,1435,6,12,"1"
289,3,14,10,1435,6,12,"1"
392,1,14,10,1435,6,12,"1"
428,1,15,10,1280,4,16,"1"
177,3,15,10,1280,4,16,"1"
675,1,15,10,1280,4,16,"1"
515,1,16,10,2385,2,20,"-1"
1870,3,16,10,2385,2,20,"-1"
511,1,17,10,1685,12,8,"1"
208,3,17,10,1685,12,8,"1"
412,1,17,10,1685,12,8,"1"
163,3,17,10,1685,12,8,"1"
391,1,17,10,1685,12,8,"1"
604,1,18,10,2029,6,6,"1"
33,3,18,10,2029,6,6,"1"
167,-1,18,10,2029,6,6,"1"
45,3,18,10,2029,6,6,"1"
1180,1,18,10,2029,6,6,"1"
472,1,19,10,2248,2,12,"-1"
289,3,19,10,2248,2,12,"-1"
316,1,19,10,2248,2,12,"-1"
26,3,19,10,2248,2,12,"-1"
174,-1,19,10,2248,2,12,"-1"
101,3,19,10,2248,2,12,"-1"
487,1,19,10,2248,2,12,"-1"
216,3,19,10,2248,2,12,"-1"
167,1,19,10,2248,2,12,"-1"
8,3,20,10,894,10,8,"1"
410,1,20,10,894,10,8,"1"
303,3,20,10,894,10,8,"1"
173,1,20,10,894,10,8,"1"
189,3,21,10,1354,12,16,"1"
1165,1,21,10,1354,12,16,"1"
1838,1,22,10,1838,16,12,"1"
1394,1,23,10,1414,20,18,"1"
20,3,23,10,1414,20,18,"1"
2945,1,24,10,2952,16,2,"-1"
7,3,24,10,2952,16,2,"-1"
14,3,25,10,1253,14,18,"1"
1185,1,25,10,1253,14,18,"1"
54,3,25,10,1253,14,18,"1"
200,1,26,10,1429,18,8,"1"
120,3,26,10,1429,18,8,"1"
205,-1,26,10,1429,18,8,"1"
25,3,26,10,1429,18,8,"1"
879,1,26,10,1429,18,8,"1"
238,3,29,10,1350,6,20,"-1"
418,1,29,10,1350,6,20,"-1"
694,3,29,10,1350,6,20,"-1"
516,3,49,10,516,12,20,"1"
391,3,66,10,1642,2,16,"-1"
596,1,66,10,1642,2,16,"-1"
246,3,66,10,1642,2,16,"-1"
57,1,66,10,1642,2,16,"-1"
352,3,66,10,1642,2,16,"-1"
335,3,67,10,1401,16,6,"1"
52,1,67,10,1401,16,6,"1"
1014,3,67,10,1401,16,6,"1"
1251,3,68,10,1251,10,16,"1"
943,3,69,10,1785,8,18,"-1"
718,1,69,10,1785,8,18,"-1"
124,3,69,10,1785,8,18,"-1"
535,3,70,10,997,18,6,"1"
158,1,70,10,997,18,6,"1"
304,3,70,10,997,18,6,"1"
206,1,71,10,819,16,10,"1"
613,3,71,10,819,16,10,"1"
593,3,72,10,939,12,14,"1"
162,1,72,10,939,12,14,"1"
184,3,72,10,939,12,14,"1"
130,1,73,10,814,4,14,"1"
684,3,73,10,814,4,14,"1"
1469,3,74,10,1469,18,18,"1"
584,1,82,10,1013,20,4,"1"
183,3,82,10,1013,20,4,"1"
246,1,82,10,1013,20,4,"1"
231,3,87,10,1514,6,10,"-1"
1283,1,87,10,1514,6,10,"-1"
335,3,2,12,2948,6,12,"1"
413,1,2,12,2948,6,12,"1"
436,3,2,12,2948,6,12,"1"
1764,1,2,12,2948,6,12,"1"
819,1,4,12,819,6,8,"-1"
1068,1,6,12,1068,12,14,"-1"
900,1,8,12,900,8,6,"-1"
16,3,10,12,818,10,20,"1"
802,1,10,12,818,10,20,"1"
852,3,11,12,852,2,10,"1"
1247,3,12,12,2032,8,12,"-1"
785,-1,12,12,2032,8,12,"-1"
985,3,13,12,985,6,2,"-1"
1684,3,15,12,1684,8,10,"-1"
967,3,16,12,967,10,10,"-1"
1136,1,17,12,1136,20,16,"-1"
1183,3,18,12,1183,10,14,"-1"
1316,3,21,12,1316,8,14,"-1"
851,3,24,12,851,12,4,"-1"
1335,3,30,12,1335,4,14,"1"
666,3,32,12,666,2,6,"-1"
1184,3,36,12,1184,14,8,"-1"
668,3,39,12,668,10,2,"-1"
982,3,42,12,982,20,6,"-1"
631,3,46,12,631,8,2,"-1"
683,1,48,12,683,14,10,"-1"
204,1,49,12,764,10,12,"-1"
560,3,49,12,764,10,12,"-1"
685,1,50,12,685,4,6,"-1"
1081,1,51,12,1081,2,18,"1"
1402,1,52,12,1402,10,4,"-1"
668,1,53,12,668,4,4,"-1"
862,1,54,12,862,16,8,"-1"
125,3,56,12,750,14,16,"-1"
625,1,56,12,750,14,16,"-1"
800,3,57,12,800,20,8,"-1"
1182,3,58,12,1182,12,10,"-1"
1004,3,61,12,1004,4,20,"1"
635,1,62,12,635,18,2,"-1"
916,3,63,12,916,18,20,"-1"
580,3,64,12,580,8,8,"-1"
620,3,65,12,620,20,10,"-1"
398,3,66,12,398,6,10,"-1"
584,3,68,12,584,16,12,"-1"
668,3,69,12,668,14,12,"-1"
1735,3,70,12,1735,4,10,"1"
651,3,71,12,651,6,6,"-1"
585,3,81,12,585,12,6,"-1"
1164,3,89,12,1164,6,18,"1"
649,3,90,12,649,18,16,"-1"
570,3,95,12,570,18,8,"-1"
753,-1,98,12,753,10,18,"-1"
612,-1,99,12,612,14,18,"-1"
568,-1,100,12,568,18,12,"-1"
275,3,5,14,1153,6,8,"1"
221,-1,5,14,1153,6,8,"1"
451,3,5,14,1153,6,8,"1"
206,-1,5,14,1153,6,8,"1"
43,3,6,14,1784,18,18,"1"
507,1,6,14,1784,18,18,"1"
372,3,6,14,1784,18,18,"1"
427,-1,6,14,1784,18,18,"1"
15,3,6,14,1784,18,18,"1"
420,1,6,14,1784,18,18,"1"
208,1,7,14,1603,18,20,"1"
772,3,7,14,1603,18,20,"1"
351,-1,7,14,1603,18,20,"1"
272,3,7,14,1603,18,20,"1"
22,3,9,14,1150,4,16,"1"
204,1,9,14,1150,4,16,"1"
25,3,9,14,1150,4,16,"1"
199,-1,9,14,1150,4,16,"1"
700,3,9,14,1150,4,16,"1"
287,3,11,14,927,2,12,"1"
179,1,11,14,927,2,12,"1"
461,3,11,14,927,2,12,"1"
70,3,12,14,1217,14,20,"1"
164,1,12,14,1217,14,20,"1"
983,3,12,14,1217,14,20,"1"
88,3,13,14,1187,10,18,"1"
139,1,13,14,1187,10,18,"1"
960,3,13,14,1187,10,18,"1"
261,3,14,14,1565,20,12,"-1"
116,-1,14,14,1565,20,12,"-1"
1188,3,14,14,1565,20,12,"-1"
366,-1,15,14,928,2,10,"1"
533,3,15,14,928,2,10,"1"
29,-1,15,14,928,2,10,"1"
283,3,16,14,2250,10,12,"1"
107,-1,16,14,2250,10,12,"1"
1418,3,16,14,2250,10,12,"1"
58,-1,16,14,2250,10,12,"1"
178,3,16,14,2250,10,12,"1"
206,-1,16,14,2250,10,12,"1"
211,3,17,14,1579,16,14,"-1"
196,-1,17,14,1579,16,14,"-1"
535,3,17,14,1579,16,14,"-1"
298,-1,17,14,1579,16,14,"-1"
18,3,17,14,1579,16,14,"-1"
321,1,17,14,1579,16,14,"-1"
257,3,18,14,1626,18,8,"-1"
237,-1,18,14,1626,18,8,"-1"
965,3,18,14,1626,18,8,"-1"
167,1,18,14,1626,18,8,"-1"
247,3,19,14,1118,16,20,"1"
155,-1,19,14,1118,16,20,"1"
716,3,19,14,1118,16,20,"1"
228,1,20,14,1300,12,14,"1"
17,3,20,14,1300,12,14,"1"
213,-1,20,14,1300,12,14,"1"
842,3,20,14,1300,12,14,"1"
97,3,21,14,1705,14,10,"-1"
117,1,21,14,1705,14,10,"-1"
606,3,21,14,1705,14,10,"-1"
379,-1,21,14,1705,14,10,"-1"
506,3,21,14,1705,14,10,"-1"
187,1,22,14,1563,8,2,"-1"
226,3,22,14,1563,8,2,"-1"
165,1,22,14,1563,8,2,"-1"
301,3,22,14,1563,8,2,"-1"
26,1,22,14,1563,8,2,"-1"
0,-1,22,14,1563,8,2,"-1"
6,3,22,14,1563,8,2,"-1"
5,1,22,14,1563,8,2,"-1"
5,-1,22,14,1563,8,2,"-1"
642,3,22,14,1563,8,2,"-1"
118,1,23,14,1007,6,20,"1"
697,3,23,14,1007,6,20,"1"
192,-1,23,14,1007,6,20,"1"
54,1,24,14,1251,14,16,"1"
234,3,24,14,1251,14,16,"1"
94,-1,24,14,1251,14,16,"1"
403,3,24,14,1251,14,16,"1"
466,-1,24,14,1251,14,16,"1"
96,1,25,14,1320,6,2,"-1"
112,3,25,14,1320,6,2,"-1"
171,-1,25,14,1320,6,2,"-1"
941,3,25,14,1320,6,2,"-1"
222,3,26,14,865,4,20,"1"
131,-1,26,14,865,4,20,"1"
512,3,26,14,865,4,20,"1"
238,3,27,14,1498,16,12,"-1"
161,-1,27,14,1498,16,12,"-1"
417,3,27,14,1498,16,12,"-1"
661,-1,27,14,1498,16,12,"-1"
21,3,27,14,1498,16,12,"-1"
12,1,28,14,2648,10,10,"1"
208,3,28,14,2648,10,10,"1"
195,-1,28,14,2648,10,10,"1"
1087,3,28,14,2648,10,10,"1"
821,1,28,14,2648,10,10,"1"
325,3,28,14,2648,10,10,"1"
218,1,30,14,970,12,16,"1"
17,3,30,14,970,12,16,"1"
160,-1,30,14,970,12,16,"1"
575,3,30,14,970,12,16,"1"
338,3,31,14,1567,2,2,"1"
172,1,31,14,1567,2,2,"1"
799,3,31,14,1567,2,2,"1"
258,1,31,14,1567,2,2,"1"
929,3,32,14,938,8,16,"1"
9,-1,32,14,938,8,16,"1"
262,3,33,14,1070,2,16,"1"
136,1,33,14,1070,2,16,"1"
319,3,33,14,1070,2,16,"1"
155,-1,33,14,1070,2,16,"1"
198,3,33,14,1070,2,16,"1"
359,3,35,14,1369,20,14,"-1"
171,1,35,14,1369,20,14,"-1"
225,3,35,14,1369,20,14,"-1"
598,-1,35,14,1369,20,14,"-1"
16,3,35,14,1369,20,14,"-1"
5,1,37,14,1231,20,4,"-1"
266,3,37,14,1231,20,4,"-1"
72,-1,37,14,1231,20,4,"-1"
21,3,37,14,1231,20,4,"-1"
163,1,37,14,1231,20,4,"-1"
704,3,37,14,1231,20,4,"-1"
343,-1,38,14,1146,12,12,"1"
8,3,38,14,1146,12,12,"1"
161,1,38,14,1146,12,12,"1"
634,3,38,14,1146,12,12,"1"
53,3,39,14,1143,10,20,"1"
174,1,39,14,1143,10,20,"1"
631,3,39,14,1143,10,20,"1"
106,1,39,14,1143,10,20,"1"
179,3,39,14,1143,10,20,"1"
291,3,40,14,1665,4,8,"1"
140,-1,40,14,1665,4,8,"1"
1234,3,40,14,1665,4,8,"1"
208,3,41,14,1430,16,16,"1"
161,-1,41,14,1430,16,16,"1"
395,3,41,14,1430,16,16,"1"
390,-1,41,14,1430,16,16,"1"
276,3,41,14,1430,16,16,"1"
269,3,42,14,1121,12,20,"1"
167,-1,42,14,1121,12,20,"1"
387,3,42,14,1121,12,20,"1"
189,1,42,14,1121,12,20,"1"
109,3,42,14,1121,12,20,"1"
221,1,43,14,1062,6,14,"1"
7,3,43,14,1062,6,14,"1"
162,-1,43,14,1062,6,14,"1"
672,3,43,14,1062,6,14,"1"
845,3,44,14,964,10,16,"1"
119,-1,44,14,964,10,16,"1"
167,1,46,14,1184,12,18,"1"
39,3,46,14,1184,12,18,"1"
162,-1,46,14,1184,12,18,"1"
482,3,46,14,1184,12,18,"1"
334,-1,46,14,1184,12,18,"1"
441,3,49,14,1006,2,6,"1"
52,1,49,14,1006,2,6,"1"
513,3,49,14,1006,2,6,"1"
353,3,50,14,1267,20,20,"1"
188,1,50,14,1267,20,20,"1"
251,3,50,14,1267,20,20,"1"
475,-1,50,14,1267,20,20,"1"
258,3,51,14,980,8,14,"1"
216,-1,51,14,980,8,14,"1"
506,3,51,14,980,8,14,"1"
246,3,53,14,1137,8,8,"1"
82,-1,53,14,1137,8,8,"1"
15,3,53,14,1137,8,8,"1"
229,1,53,14,1137,8,8,"1"
359,3,53,14,1137,8,8,"1"
206,-1,53,14,1137,8,8,"1"
225,3,55,14,1047,6,10,"1"
220,-1,55,14,1047,6,10,"1"
602,3,55,14,1047,6,10,"1"
63,3,57,14,1420,20,16,"-1"
225,1,57,14,1420,20,16,"-1"
16,3,57,14,1420,20,16,"-1"
53,-1,57,14,1420,20,16,"-1"
654,3,57,14,1420,20,16,"-1"
409,-1,57,14,1420,20,16,"-1"
228,3,58,14,1583,4,2,"-1"
190,-1,58,14,1583,4,2,"-1"
1165,3,58,14,1583,4,2,"-1"
1036,3,60,14,1036,8,20,"1"
35,1,61,14,1049,6,16,"1"
100,3,61,14,1049,6,16,"1"
89,1,61,14,1049,6,16,"1"
147,3,61,14,1049,6,16,"1"
652,-1,61,14,1049,6,16,"1"
26,3,61,14,1049,6,16,"1"
10,1,62,14,1166,10,2,"-1"
142,3,62,14,1166,10,2,"-1"
62,1,62,14,1166,10,2,"-1"
952,3,62,14,1166,10,2,"-1"
243,3,64,14,1436,8,6,"-1"
164,-1,64,14,1436,8,6,"-1"
514,3,64,14,1436,8,6,"-1"
109,-1,64,14,1436,8,6,"-1"
406,3,64,14,1436,8,6,"-1"
288,3,65,14,1519,14,4,"-1"
121,-1,65,14,1519,14,4,"-1"
1110,3,65,14,1519,14,4,"-1"
1251,3,66,14,1251,16,6,"-1"
1217,3,67,14,1217,16,10,"-1"
71,3,68,14,1065,20,6,"-1"
355,-1,68,14,1065,20,6,"-1"
511,3,68,14,1065,20,6,"-1"
128,-1,68,14,1065,20,6,"-1"
1056,3,69,14,1184,20,10,"-1"
128,-1,69,14,1184,20,10,"-1"
1431,3,70,14,1431,20,2,"-1"
978,-1,71,14,1145,18,4,"-1"
17,3,71,14,1145,18,4,"-1"
150,-1,71,14,1145,18,4,"-1"
298,3,72,14,1565,6,6,"1"
349,-1,72,14,1565,6,6,"1"
6,3,72,14,1565,6,6,"1"
722,1,72,14,1565,6,6,"1"
190,3,72,14,1565,6,6,"1"
224,3,73,14,1052,8,4,"-1"
280,-1,73,14,1052,8,4,"-1"
17,3,73,14,1052,8,4,"-1"
458,1,73,14,1052,8,4,"-1"
7,3,73,14,1052,8,4,"-1"
66,-1,73,14,1052,8,4,"-1"
334,-1,74,14,863,2,20,"1"
11,3,74,14,863,2,20,"1"
518,1,74,14,863,2,20,"1"
406,3,76,14,1134,10,4,"-1"
349,-1,76,14,1134,10,4,"-1"
370,3,76,14,1134,10,4,"-1"
9,-1,76,14,1134,10,4,"-1"
237,3,77,14,1132,16,18,"1"
196,-1,77,14,1132,16,18,"1"
699,3,77,14,1132,16,18,"1"
244,1,78,14,998,8,10,"1"
8,3,78,14,998,8,10,"1"
173,-1,78,14,998,8,10,"1"
55,1,78,14,998,8,10,"1"
394,3,78,14,998,8,10,"1"
124,-1,78,14,998,8,10,"1"
127,3,79,14,1117,14,14,"1"
990,-1,79,14,1117,14,14,"1"
391,3,80,14,1068,2,8,"1"
264,1,80,14,1068,2,8,"1"
97,3,80,14,1068,2,8,"1"
316,-1,80,14,1068,2,8,"1"
240,3,81,14,891,6,12,"1"
185,-1,81,14,891,6,12,"1"
11,3,81,14,891,6,12,"1"
305,1,81,14,891,6,12,"1"
25,3,81,14,891,6,12,"1"
125,-1,81,14,891,6,12,"1"
275,3,82,14,1028,4,4,"1"
100,-1,82,14,1028,4,4,"1"
8,3,82,14,1028,4,4,"1"
170,1,82,14,1028,4,4,"1"
145,3,82,14,1028,4,4,"1"
151,1,82,14,1028,4,4,"1"
15,3,82,14,1028,4,4,"1"
164,-1,82,14,1028,4,4,"1"
233,3,83,14,800,12,6,"1"
117,1,83,14,800,12,6,"1"
450,3,83,14,800,12,6,"1"
929,1,84,14,1338,16,2,"-1"
409,3,84,14,1338,16,2,"-1"
290,1,85,14,1048,16,4,"-1"
0,3,85,14,1048,16,4,"-1"
67,-1,85,14,1048,16,4,"-1"
15,1,85,14,1048,16,4,"-1"
1,3,85,14,1048,16,4,"-1"
377,1,85,14,1048,16,4,"-1"
298,3,85,14,1048,16,4,"-1"
60,3,86,14,1526,12,4,"-1"
718,1,86,14,1526,12,4,"-1"
748,3,86,14,1526,12,4,"-1"
11,3,88,14,1015,2,18,"1"
400,1,88,14,1015,2,18,"1"
604,3,88,14,1015,2,18,"1"
253,3,90,14,1021,8,18,"1"
202,-1,90,14,1021,8,18,"1"
566,3,90,14,1021,8,18,"1"
1135,1,91,14,1141,4,18,"1"
6,3,91,14,1141,4,18,"1"
291,3,93,14,1387,20,18,"-1"
167,-1,93,14,1387,20,18,"-1"
929,3,93,14,1387,20,18,"-1"
117,1,94,14,933,4,10,"1"
108,3,94,14,933,4,10,"1"
204,-1,94,14,933,4,10,"1"
504,3,94,14,933,4,10,"1"
201,1,95,14,1100,20,8,"-1"
20,3,95,14,1100,20,8,"-1"
180,-1,95,14,1100,20,8,"-1"
28,1,95,14,1100,20,8,"-1"
671,3,95,14,1100,20,8,"-1"
227,3,96,14,919,4,6,"1"
158,-1,96,14,919,4,6,"1"
183,3,96,14,919,4,6,"1"
83,1,96,14,919,4,6,"1"
268,3,96,14,919,4,6,"1"
316,3,97,14,1074,6,18,"1"
57,-1,97,14,1074,6,18,"1"
63,1,97,14,1074,6,18,"1"
96,3,97,14,1074,6,18,"1"
236,1,97,14,1074,6,18,"1"
306,3,97,14,1074,6,18,"1"
260,1,98,14,872,4,14,"1"
19,3,98,14,872,4,14,"1"
91,-1,98,14,872,4,14,"1"
502,3,98,14,872,4,14,"1"
239,3,100,14,935,4,12,"1"
195,-1,100,14,935,4,12,"1"
353,1,100,14,935,4,12,"1"
5,3,100,14,935,4,12,"1"
143,-1,100,14,935,4,12,"1"
222,3,8,15,1872,10,14,"-1"
1650,1,8,15,1872,10,14,"-1"
228,1,1,17,512,8,10,"-1"
20,3,1,17,512,8,10,"-1"
169,-1,1,17,512,8,10,"-1"
15,3,1,17,512,8,10,"-1"
80,1,1,17,512,8,10,"-1"
415,1,2,17,415,4,8,"-1"
292,1,3,17,546,6,20,"-1"
254,3,3,17,546,6,20,"-1"
380,3,5,17,380,2,4,"-1"
364,3,6,17,364,12,6,"-1"
415,3,7,17,415,20,2,"-1"
399,3,8,17,399,4,16,"-1"
386,3,9,17,386,14,6,"-1"
439,3,10,17,439,20,4,"-1"
321,1,11,17,355,18,12,"-1"
34,3,11,17,355,18,12,"-1"
399,3,13,17,399,2,14,"-1"
381,3,14,17,381,8,4,"-1"
451,3,15,17,451,10,4,"-1"
396,3,16,17,396,2,10,"-1"
347,3,17,17,347,8,6,"-1"
317,3,18,17,317,10,8,"-1"
333,3,19,17,333,10,16,"-1"
331,3,20,17,331,6,8,"-1"
100,1,22,17,364,18,10,"-1"
264,3,22,17,364,18,10,"-1"
309,1,23,17,497,4,20,"-1"
188,3,23,17,497,4,20,"-1"
516,1,24,17,516,4,10,"-1"
335,1,26,17,335,8,20,"-1"
357,1,27,17,368,20,20,"-1"
11,3,27,17,368,20,20,"-1"
277,1,30,17,783,12,4,"-1"
506,3,30,17,783,12,4,"-1"
413,3,32,17,531,4,18,"-1"
118,1,32,17,531,4,18,"-1"
28,3,33,17,479,20,14,"-1"
411,1,33,17,479,20,14,"-1"
40,3,33,17,479,20,14,"-1"
404,1,36,17,498,16,12,"-1"
94,3,36,17,498,16,12,"-1"
381,3,37,17,403,10,20,"-1"
22,1,37,17,403,10,20,"-1"
354,1,38,17,354,6,12,"-1"
87,1,39,17,87,6,18,"-1"
366,1,40,17,366,2,2,"-1"
445,1,42,17,445,16,6,"-1"
340,3,43,17,352,18,14,"-1"
12,1,43,17,352,18,14,"-1"
568,1,45,17,568,16,14,"-1"
366,3,51,17,366,8,12,"-1"
436,3,52,17,436,12,14,"-1"
736,3,53,17,736,2,16,"-1"
354,3,54,17,354,18,16,"-1"
467,3,55,17,467,16,18,"-1"
418,3,56,17,418,8,2,"-1"
488,3,58,17,488,12,10,"-1"
306,-1,59,17,384,12,16,"-1"
21,3,59,17,384,12,16,"-1"
57,1,59,17,384,12,16,"-1"
356,3,64,17,356,20,18,"-1"
375,3,65,17,448,18,20,"-1"
73,1,65,17,448,18,20,"-1"
330,3,66,17,330,4,12,"-1"
404,3,67,17,404,12,2,"-1"
335,3,68,17,335,12,20,"-1"
484,3,69,17,484,20,12,"-1"
430,3,71,17,430,12,12,"-1"
86,3,72,17,86,16,20,"-1"
417,3,73,17,417,20,16,"-1"
96,3,75,17,96,20,8,"-1"
404,3,76,17,404,4,2,"-1"
394,3,80,17,504,8,14,"-1"
110,1,80,17,504,8,14,"-1"
345,3,83,17,518,4,14,"-1"
173,1,83,17,518,4,14,"-1"
465,3,84,17,465,10,18,"-1"
852,3,91,17,852,6,4,"-1"
550,3,92,17,550,12,8,"-1"
779,3,93,17,779,6,6,"-1"
533,3,94,17,533,14,20,"-1"
860,3,2,18,860,4,10,"1"
1136,3,3,18,1136,12,8,"-1"
1287,3,4,18,1287,12,2,"-1"
1048,3,5,18,1048,18,20,"1"
1077,3,6,18,1077,4,8,"1"
1383,3,7,18,1383,6,8,"1"
882,3,8,18,882,2,10,"1"
1330,3,9,18,1330,14,12,"-1"
1412,3,10,18,1412,20,14,"-1"
1198,3,11,18,1198,8,8,"-1"
1104,3,12,18,1104,12,6,"-1"
953,3,13,18,953,6,10,"1"
1730,3,14,18,1730,2,2,"-1"
1000,3,15,18,1000,14,4,"-1"
1001,3,16,18,1001,16,10,"-1"
824,3,17,18,1346,8,20,"1"
9,-1,17,18,1346,8,20,"1"
13,1,17,18,1346,8,20,"1"
500,3,17,18,1346,8,20,"1"
1699,3,18,18,1699,10,10,"-1"
1445,3,19,18,1445,18,10,"-1"
481,3,20,18,1019,10,20,"1"
281,-1,20,18,1019,10,20,"1"
246,3,20,18,1019,10,20,"1"
11,-1,20,18,1019,10,20,"1"
713,-1,21,18,1249,16,6,"-1"
323,3,21,18,1249,16,6,"-1"
213,-1,21,18,1249,16,6,"-1"
835,-1,22,18,864,4,16,"1"
29,3,22,18,864,4,16,"1"
1611,3,23,18,1611,16,2,"-1"
868,3,24,18,868,10,6,"-1"
557,3,25,18,800,20,16,"-1"
72,-1,25,18,800,20,16,"-1"
171,3,25,18,800,20,16,"-1"
474,3,26,18,866,6,2,"-1"
392,-1,26,18,866,6,2,"-1"
1016,3,27,18,1016,2,14,"1"
783,3,28,18,783,8,4,"-1"
723,3,29,18,723,8,2,"-1"
1749,3,30,18,1749,4,2,"-1"
382,3,31,18,894,18,6,"-1"
236,-1,31,18,894,18,6,"-1"
276,3,31,18,894,18,6,"-1"
687,3,32,18,687,14,2,"-1"
1332,3,33,18,1332,2,16,"1"
815,3,34,18,815,8,14,"1"
592,3,35,18,1298,10,14,"1"
431,-1,35,18,1298,10,14,"1"
275,3,35,18,1298,10,14,"1"
949,3,36,18,949,2,18,"1"
498,3,37,18,947,4,18,"1"
242,-1,37,18,947,4,18,"1"
207,3,37,18,947,4,18,"1"
1249,3,38,18,1249,10,12,"1"
598,3,39,18,841,6,16,"1"
243,-1,39,18,841,6,16,"1"
1368,3,40,18,1368,20,12,"-1"
830,3,41,18,830,2,20,"1"
1134,3,42,18,1134,14,14,"-1"
1367,3,43,18,1367,10,18,"1"
620,3,44,18,964,6,4,"-1"
181,-1,44,18,964,6,4,"-1"
33,3,44,18,964,6,4,"-1"
130,1,44,18,964,6,4,"-1"
786,3,45,18,1649,20,2,"-1"
280,1,45,18,1649,20,2,"-1"
41,3,45,18,1649,20,2,"-1"
497,-1,45,18,1649,20,2,"-1"
45,3,45,18,1649,20,2,"-1"
565,3,46,18,1299,20,10,"-1"
263,-1,46,18,1299,20,10,"-1"
471,3,46,18,1299,20,10,"-1"
494,3,47,18,689,8,18,"1"
195,-1,47,18,689,8,18,"1"
1633,3,48,18,1633,8,12,"1"
501,3,49,18,899,18,18,"-1"
274,-1,49,18,899,18,18,"-1"
124,3,49,18,899,18,18,"-1"
1190,3,50,18,1190,4,12,"1"
795,3,51,18,795,12,12,"-1"
649,3,52,18,649,12,16,"1"
1019,3,53,18,1019,12,18,"1"
799,3,54,18,799,12,10,"-1"
1629,3,55,18,1629,18,14,"-1"
2171,3,56,18,2171,12,4,"-1"
1837,3,57,18,1837,12,14,"1"
1220,3,58,18,1220,20,18,"-1"
918,3,59,18,918,6,14,"1"
1200,3,60,18,1200,20,20,"-1"
1356,3,61,18,1356,2,4,"1"
944,3,62,18,944,18,16,"-1"
1201,3,63,18,1201,16,18,"1"
493,3,64,18,1117,14,10,"-1"
415,-1,64,18,1117,14,10,"-1"
209,3,64,18,1117,14,10,"-1"
1221,3,65,18,2007,16,16,"-1"
242,-1,65,18,2007,16,16,"-1"
544,3,65,18,2007,16,16,"-1"
2049,3,66,18,2049,20,4,"-1"
1402,3,67,18,1402,6,12,"1"
1304,3,68,18,1304,16,20,"1"
997,3,69,18,997,20,6,"-1"
837,3,70,18,837,6,18,"1"
1166,3,71,18,1166,14,16,"1"
793,3,72,18,1001,2,8,"1"
208,-1,72,18,1001,2,8,"1"
520,3,73,18,1183,10,4,"-1"
218,-1,73,18,1183,10,4,"-1"
328,3,73,18,1183,10,4,"-1"
117,-1,73,18,1183,10,4,"-1"
591,3,74,18,982,2,6,"1"
244,-1,74,18,982,2,6,"1"
147,3,74,18,982,2,6,"1"
867,3,75,18,867,14,6,"-1"
683,3,76,18,683,12,20,"1"
609,3,77,18,822,4,20,"1"
159,-1,77,18,822,4,20,"1"
54,3,77,18,822,4,20,"1"
1110,3,78,18,1110,16,8,"-1"
1350,3,79,18,1350,18,12,"-1"
1766,3,80,18,1766,16,14,"-1"
1500,3,81,18,1500,10,2,"-1"
1271,3,82,18,1271,10,8,"-1"
1664,3,83,18,1664,8,6,"-1"
565,3,84,18,2226,18,4,"-1"
217,-1,84,18,2226,18,4,"-1"
1444,3,84,18,2226,18,4,"-1"
535,3,85,18,1084,14,18,"1"
140,-1,85,18,1084,14,18,"1"
409,3,85,18,1084,14,18,"1"
1212,3,86,18,1212,8,16,"1"
883,3,87,18,883,4,14,"1"
1931,3,88,18,1931,4,6,"1"
569,3,89,18,835,14,20,"1"
223,-1,89,18,835,14,20,"1"
43,3,89,18,835,14,20,"1"
587,3,90,18,1035,16,12,"-1"
195,-1,90,18,1035,16,12,"-1"
253,3,90,18,1035,16,12,"-1"
700,3,91,18,700,2,12,"1"
491,3,92,18,992,4,4,"-1"
106,-1,92,18,992,4,4,"-1"
52,3,92,18,992,4,4,"-1"
174,-1,92,18,992,4,4,"-1"
169,3,92,18,992,4,4,"-1"
459,3,93,18,702,6,20,"1"
243,-1,93,18,702,6,20,"1"
578,3,95,18,921,8,10,"1"
343,-1,95,18,921,8,10,"1"
1467,3,96,18,1467,14,8,"-1"
886,3,97,18,886,6,6,"-1"
1119,3,98,18,1119,20,8,"-1"
1072,3,99,18,1072,10,16,"1"
906,3,100,18,906,18,8,"-1"
667,1,1,19,881,2,8,"1"
214,3,1,19,881,2,8,"1"
1083,3,12,19,1083,18,6,"-1"
493,3,18,19,1216,16,10,"-1"
198,1,18,19,1216,16,10,"-1"
258,3,18,19,1216,16,10,"-1"
246,1,18,19,1216,16,10,"-1"
21,3,18,19,1216,16,10,"-1"
265,3,19,19,962,12,8,"-1"
310,1,19,19,962,12,8,"-1"
387,3,19,19,962,12,8,"-1"
1241,3,20,19,1313,8,10,"-1"
51,1,20,19,1313,8,10,"-1"
21,3,20,19,1313,8,10,"-1"
1038,3,21,19,1038,8,2,"-1"
847,3,24,19,847,6,18,"1"
682,3,44,19,682,8,18,"1"
425,1,60,19,750,6,16,"1"
325,3,60,19,750,6,16,"1"
562,1,61,19,904,20,18,"-1"
342,3,61,19,904,20,18,"-1"
425,1,62,19,1319,14,14,"-1"
73,3,62,19,1319,14,14,"-1"
808,1,62,19,1319,14,14,"-1"
13,3,62,19,1319,14,14,"-1"
1081,1,78,19,1090,16,14,"-1"
9,3,78,19,1090,16,14,"-1"
648,3,98,19,648,12,10,"-1"
436,1,1,20,2030,16,4,"-1"
417,3,1,20,2030,16,4,"-1"
117,1,1,20,2030,16,4,"-1"
700,3,1,20,2030,16,4,"-1"
360,1,1,20,2030,16,4,"-1"
441,1,2,20,2167,2,18,"1"
299,3,2,20,2167,2,18,"1"
72,1,2,20,2167,2,18,"1"
886,3,2,20,2167,2,18,"1"
469,1,2,20,2167,2,18,"1"
474,1,3,20,1300,10,10,"-1"
321,3,3,20,1300,10,10,"-1"
505,1,3,20,1300,10,10,"-1"
1563,1,4,20,2202,8,6,"-1"
639,3,4,20,2202,8,6,"-1"
13,3,8,20,2214,6,14,"1"
615,1,8,20,2214,6,14,"1"
31,3,8,20,2214,6,14,"1"
920,-1,8,20,2214,6,14,"1"
11,3,8,20,2214,6,14,"1"
624,1,8,20,2214,6,14,"1"
395,1,9,20,1378,20,10,"-1"
19,3,9,20,1378,20,10,"-1"
276,-1,9,20,1378,20,10,"-1"
17,3,9,20,1378,20,10,"-1"
286,1,9,20,1378,20,10,"-1"
32,3,9,20,1378,20,10,"-1"
353,-1,9,20,1378,20,10,"-1"
211,3,10,20,1401,14,4,"-1"
293,1,10,20,1401,14,4,"-1"
24,3,10,20,1401,14,4,"-1"
538,-1,10,20,1401,14,4,"-1"
16,3,10,20,1401,14,4,"-1"
319,1,10,20,1401,14,4,"-1"
211,3,12,20,3684,10,20,"1"
311,1,12,20,3684,10,20,"1"
40,3,12,20,3684,10,20,"1"
307,-1,12,20,3684,10,20,"1"
69,3,12,20,3684,10,20,"1"
2481,-1,12,20,3684,10,20,"1"
17,3,12,20,3684,10,20,"1"
248,1,12,20,3684,10,20,"1"
108,1,15,20,1434,16,20,"-1"
123,3,15,20,1434,16,20,"-1"
283,1,15,20,1434,16,20,"-1"
21,3,15,20,1434,16,20,"-1"
723,-1,15,20,1434,16,20,"-1"
7,3,15,20,1434,16,20,"-1"
169,1,15,20,1434,16,20,"-1"
496,1,18,20,1469,4,20,"1"
13,3,18,20,1469,4,20,"1"
436,-1,18,20,1469,4,20,"1"
117,3,18,20,1469,4,20,"1"
250,-1,18,20,1469,4,20,"1"
2,3,18,20,1469,4,20,"1"
155,1,18,20,1469,4,20,"1"
193,3,20,20,1634,6,10,"-1"
244,1,20,20,1634,6,10,"-1"
20,3,20,20,1634,6,10,"-1"
422,-1,20,20,1634,6,10,"-1"
8,3,20,20,1634,6,10,"-1"
536,1,20,20,1634,6,10,"-1"
17,3,20,20,1634,6,10,"-1"
194,-1,20,20,1634,6,10,"-1"
47,3,21,20,1331,14,16,"-1"
176,1,21,20,1331,14,16,"-1"
220,3,21,20,1331,14,16,"-1"
315,-1,21,20,1331,14,16,"-1"
573,3,21,20,1331,14,16,"-1"
372,1,23,20,1367,10,16,"-1"
25,3,23,20,1367,10,16,"-1"
449,-1,23,20,1367,10,16,"-1"
17,3,23,20,1367,10,16,"-1"
504,1,23,20,1367,10,16,"-1"
483,1,26,20,5597,6,16,"-1"
20,3,26,20,5597,6,16,"-1"
385,-1,26,20,5597,6,16,"-1"
15,3,26,20,5597,6,16,"-1"
268,1,26,20,5597,6,16,"-1"
139,3,26,20,5597,6,16,"-1"
1094,1,26,20,5597,6,16,"-1"
116,3,26,20,5597,6,16,"-1"
2019,-1,26,20,5597,6,16,"-1"
23,3,26,20,5597,6,16,"-1"
432,-1,26,20,5597,6,16,"-1"
12,3,26,20,5597,6,16,"-1"
591,1,26,20,5597,6,16,"-1"
390,1,27,20,1483,12,12,"-1"
21,3,27,20,1483,12,12,"-1"
332,-1,27,20,1483,12,12,"-1"
20,3,27,20,1483,12,12,"-1"
536,1,27,20,1483,12,12,"-1"
18,3,27,20,1483,12,12,"-1"
166,-1,27,20,1483,12,12,"-1"
427,1,32,20,1353,20,16,"-1"
536,3,32,20,1353,20,16,"-1"
390,1,32,20,1353,20,16,"-1"
291,1,33,20,3415,20,20,"-1"
239,3,33,20,3415,20,20,"-1"
347,1,33,20,3415,20,20,"-1"
361,3,33,20,3415,20,20,"-1"
264,1,33,20,3415,20,20,"-1"
79,3,33,20,3415,20,20,"-1"
262,1,33,20,3415,20,20,"-1"
653,3,33,20,3415,20,20,"-1"
398,1,33,20,3415,20,20,"-1"
126,3,33,20,3415,20,20,"-1"
395,1,33,20,3415,20,20,"-1"
194,3,37,20,2315,10,6,"-1"
293,1,37,20,2315,10,6,"-1"
10,3,37,20,2315,10,6,"-1"
292,-1,37,20,2315,10,6,"-1"
115,3,37,20,2315,10,6,"-1"
926,-1,37,20,2315,10,6,"-1"
17,3,37,20,2315,10,6,"-1"
468,1,37,20,2315,10,6,"-1"
243,3,38,20,2664,4,14,"1"
419,1,38,20,2664,4,14,"1"
15,3,38,20,2664,4,14,"1"
279,-1,38,20,2664,4,14,"1"
17,3,38,20,2664,4,14,"1"
1681,1,38,20,2664,4,14,"1"
10,3,38,20,2664,4,14,"1"
229,3,40,20,1517,18,8,"-1"
213,-1,40,20,1517,18,8,"-1"
27,3,40,20,1517,18,8,"-1"
523,1,40,20,1517,18,8,"-1"
24,3,40,20,1517,18,8,"-1"
362,-1,40,20,1517,18,8,"-1"
20,3,40,20,1517,18,8,"-1"
119,1,40,20,1517,18,8,"-1"
485,1,41,20,1520,8,12,"-1"
547,3,41,20,1520,8,12,"-1"
488,1,41,20,1520,8,12,"-1"
488,1,42,20,4465,14,6,"-1"
273,3,42,20,4465,14,6,"-1"
87,1,42,20,4465,14,6,"-1"
274,3,42,20,4465,14,6,"-1"
1017,1,42,20,4465,14,6,"-1"
453,3,42,20,4465,14,6,"-1"
169,1,42,20,4465,14,6,"-1"
206,3,42,20,4465,14,6,"-1"
924,1,42,20,4465,14,6,"-1"
427,3,42,20,4465,14,6,"-1"
147,1,42,20,4465,14,6,"-1"
926,1,43,20,1464,2,14,"1"
277,3,43,20,1464,2,14,"1"
261,1,43,20,1464,2,14,"1"
657,1,44,20,1246,12,8,"-1"
437,3,44,20,1246,12,8,"-1"
152,1,44,20,1246,12,8,"-1"
496,1,45,20,1332,12,10,"-1"
583,3,45,20,1332,12,10,"-1"
253,1,45,20,1332,12,10,"-1"
413,1,46,20,1114,18,18,"-1"
262,3,46,20,1114,18,18,"-1"
365,1,46,20,1114,18,18,"-1"
74,3,46,20,1114,18,18,"-1"
212,1,49,20,983,8,10,"-1"
771,3,49,20,983,8,10,"-1"
122,3,51,20,1902,6,8,"-1"
174,1,51,20,1902,6,8,"-1"
685,3,51,20,1902,6,8,"-1"
918,1,51,20,1902,6,8,"-1"
3,3,51,20,1902,6,8,"-1"
22,3,52,20,1034,10,8,"-1"
224,1,52,20,1034,10,8,"-1"
747,3,52,20,1034,10,8,"-1"
41,1,52,20,1034,10,8,"-1"
283,1,53,20,1320,10,2,"-1"
776,3,53,20,1320,10,2,"-1"
261,1,53,20,1320,10,2,"-1"
497,1,54,20,1202,2,6,"-1"
311,3,54,20,1202,2,6,"-1"
262,1,54,20,1202,2,6,"-1"
132,3,54,20,1202,2,6,"-1"
214,1,55,20,1231,12,14,"-1"
556,3,55,20,1231,12,14,"-1"
461,1,55,20,1231,12,14,"-1"
212,1,56,20,1598,4,4,"-1"
234,3,56,20,1598,4,4,"-1"
1148,1,56,20,1598,4,4,"-1"
4,3,56,20,1598,4,4,"-1"
228,3,57,20,1497,16,16,"-1"
213,1,57,20,1497,16,16,"-1"
1056,3,57,20,1497,16,16,"-1"
967,3,58,20,1144,16,18,"-1"
173,1,58,20,1144,16,18,"-1"
4,3,58,20,1144,16,18,"-1"
66,3,65,20,1169,16,6,"-1"
142,1,65,20,1169,16,6,"-1"
243,3,65,20,1169,16,6,"-1"
387,-1,65,20,1169,16,6,"-1"
38,3,65,20,1169,16,6,"-1"
293,1,65,20,1169,16,6,"-1"
243,1,76,20,2337,4,16,"1"
1674,3,76,20,2337,4,16,"1"
323,1,76,20,2337,4,16,"1"
97,3,76,20,2337,4,16,"1"
226,1,83,20,959,16,14,"-1"
733,3,83,20,959,16,14,"-1"
223,1,84,20,1299,6,12,"-1"
1076,3,84,20,1299,6,12,"-1"
251,1,93,20,1181,4,6,"-1"
930,3,93,20,1181,4,6,"-1"
766,3,95,20,1120,18,20,"-1"
147,-1,95,20,1120,18,20,"-1"
207,3,95,20,1120,18,20,"-1"
1199,3,97,20,1199,4,2,"-1"
817,3,100,20,817,12,2,"-1"
206,3,6,21,1347,2,16,"1"
535,-1,6,21,1347,2,16,"1"
16,3,6,21,1347,2,16,"1"
402,1,6,21,1347,2,16,"1"
12,3,6,21,1347,2,16,"1"
176,-1,6,21,1347,2,16,"1"
271,3,8,21,981,14,14,"-1"
170,1,8,21,981,14,14,"-1"
7,3,8,21,981,14,14,"-1"
493,-1,8,21,981,14,14,"-1"
23,3,8,21,981,14,14,"-1"
17,1,8,21,981,14,14,"-1"
227,3,9,21,1298,10,2,"-1"
140,1,9,21,1298,10,2,"-1"
126,3,9,21,1298,10,2,"-1"
736,-1,9,21,1298,10,2,"-1"
26,3,9,21,1298,10,2,"-1"
43,1,9,21,1298,10,2,"-1"
208,3,10,21,2645,6,18,"1"
352,1,10,21,2645,6,18,"1"
16,3,10,21,2645,6,18,"1"
489,-1,10,21,2645,6,18,"1"
20,3,10,21,2645,6,18,"1"
193,1,10,21,2645,6,18,"1"
12,3,10,21,2645,6,18,"1"
423,-1,10,21,2645,6,18,"1"
7,3,10,21,2645,6,18,"1"
572,-1,10,21,2645,6,18,"1"
13,3,10,21,2645,6,18,"1"
256,1,10,21,2645,6,18,"1"
19,3,10,21,2645,6,18,"1"
65,-1,10,21,2645,6,18,"1"
440,3,11,21,1301,20,16,"-1"
367,-1,11,21,1301,20,16,"-1"
174,3,11,21,1301,20,16,"-1"
272,-1,11,21,1301,20,16,"-1"
17,3,11,21,1301,20,16,"-1"
31,-1,11,21,1301,20,16,"-1"
646,3,13,21,1218,2,18,"1"
572,1,13,21,1218,2,18,"1"
802,3,14,21,1412,2,20,"1"
610,-1,14,21,1412,2,20,"1"
280,3,15,21,2051,6,16,"1"
213,1,15,21,2051,6,16,"1"
94,3,15,21,2051,6,16,"1"
276,-1,15,21,2051,6,16,"1"
56,3,15,21,2051,6,16,"1"
9,1,15,21,2051,6,16,"1"
218,-1,15,21,2051,6,16,"1"
16,3,15,21,2051,6,16,"1"
462,1,15,21,2051,6,16,"1"
16,3,15,21,2051,6,16,"1"
411,-1,15,21,2051,6,16,"1"
327,3,19,21,951,20,4,"-1"
454,-1,19,21,951,20,4,"-1"
12,3,19,21,951,20,4,"-1"
158,1,19,21,951,20,4,"-1"
355,3,21,21,1536,4,8,"1"
452,1,21,21,1536,4,8,"1"
17,3,21,21,1536,4,8,"1"
507,-1,21,21,1536,4,8,"1"
13,3,21,21,1536,4,8,"1"
192,1,21,21,1536,4,8,"1"
1103,3,22,21,1151,20,2,"-1"
48,-1,22,21,1151,20,2,"-1"
398,3,24,21,2194,6,2,"1"
248,1,24,21,2194,6,2,"1"
14,3,24,21,2194,6,2,"1"
302,-1,24,21,2194,6,2,"1"
8,3,24,21,2194,6,2,"1"
394,1,24,21,2194,6,2,"1"
16,3,24,21,2194,6,2,"1"
512,-1,24,21,2194,6,2,"1"
26,3,24,21,2194,6,2,"1"
276,1,24,21,2194,6,2,"1"
261,3,27,21,1029,20,10,"-1"
396,-1,27,21,1029,20,10,"-1"
17,3,27,21,1029,20,10,"-1"
355,1,27,21,1029,20,10,"-1"
769,3,29,21,1994,8,20,"1"
387,-1,29,21,1994,8,20,"1"
12,3,29,21,1994,8,20,"1"
379,1,29,21,1994,8,20,"1"
12,3,29,21,1994,8,20,"1"
258,-1,29,21,1994,8,20,"1"
17,3,29,21,1994,8,20,"1"
160,1,29,21,1994,8,20,"1"
225,3,31,21,1049,4,18,"1"
227,1,31,21,1049,4,18,"1"
6,3,31,21,1049,4,18,"1"
447,-1,31,21,1049,4,18,"1"
15,3,31,21,1049,4,18,"1"
129,1,31,21,1049,4,18,"1"
551,-1,33,21,789,16,8,"-1"
8,3,33,21,789,16,8,"-1"
230,1,33,21,789,16,8,"-1"
192,3,34,21,996,16,18,"-1"
715,-1,34,21,996,16,18,"-1"
15,3,34,21,996,16,18,"-1"
74,-1,34,21,996,16,18,"-1"
203,3,37,21,846,14,4,"-1"
341,-1,37,21,846,14,4,"-1"
297,3,37,21,846,14,4,"-1"
5,-1,37,21,846,14,4,"-1"
211,3,38,21,901,16,16,"-1"
300,-1,38,21,901,16,16,"-1"
12,3,38,21,901,16,16,"-1"
288,1,38,21,901,16,16,"-1"
17,3,38,21,901,16,16,"-1"
73,-1,38,21,901,16,16,"-1"
328,3,40,21,920,18,16,"-1"
287,-1,40,21,920,18,16,"-1"
17,3,40,21,920,18,16,"-1"
203,1,40,21,920,18,16,"-1"
85,3,40,21,920,18,16,"-1"
303,3,41,21,1127,8,8,"1"
356,-1,41,21,1127,8,8,"1"
32,3,41,21,1127,8,8,"1"
436,1,41,21,1127,8,8,"1"
332,3,42,21,1771,10,10,"-1"
300,-1,42,21,1771,10,10,"-1"
25,3,42,21,1771,10,10,"-1"
456,1,42,21,1771,10,10,"-1"
17,3,42,21,1771,10,10,"-1"
641,-1,42,21,1771,10,10,"-1"
220,3,96,21,885,16,6,"-1"
262,1,96,21,885,16,6,"-1"
16,3,96,21,885,16,6,"-1"
387,-1,96,21,885,16,6,"-1"
335,3,97,21,1630,6,8,"1"
224,1,97,21,1630,6,8,"1"
17,3,97,21,1630,6,8,"1"
779,-1,97,21,1630,6,8,"1"
24,3,97,21,1630,6,8,"1"
251,1,97,21,1630,6,8,"1"
323,3,99,21,1003,2,2,"1"
500,-1,99,21,1003,2,2,"1"
23,3,99,21,1003,2,2,"1"
157,1,99,21,1003,2,2,"1"
557,3,1,23,1579,4,4,"-1"
410,1,1,23,1579,4,4,"-1"
11,3,1,23,1579,4,4,"-1"
300,-1,1,23,1579,4,4,"-1"
111,3,1,23,1579,4,4,"-1"
190,-1,1,23,1579,4,4,"-1"
559,-1,3,23,567,6,12,"-1"
8,3,3,23,567,6,12,"-1"
1254,3,45,23,1298,10,16,"-1"
44,1,45,23,1298,10,16,"-1"
1547,3,60,23,1547,12,2,"-1"
605,3,61,23,1972,4,16,"-1"
740,-1,61,23,1972,4,16,"-1"
19,-1,61,23,1972,4,16,"-1"
26,1,61,23,1972,4,16,"-1"
425,3,61,23,1972,4,16,"-1"
157,1,61,23,1972,4,16,"-1"
1386,1,79,23,1386,20,8,"-1"
1416,1,80,23,1416,18,18,"-1"
502,3,87,23,832,16,18,"-1"
330,-1,87,23,832,16,18,"-1"
258,3,2,24,3342,6,4,"1"
3084,-1,2,24,3342,6,4,"1"
507,-1,4,24,4778,20,18,"-1"
17,3,4,24,4778,20,18,"-1"
3086,1,4,24,4778,20,18,"-1"
104,3,4,24,4778,20,18,"-1"
1064,-1,4,24,4778,20,18,"-1"
566,-1,5,24,1200,12,2,"-1"
8,3,5,24,1200,12,2,"-1"
626,1,5,24,1200,12,2,"-1"
643,3,9,24,1500,16,6,"-1"
375,1,9,24,1500,16,6,"-1"
309,3,9,24,1500,16,6,"-1"
173,-1,9,24,1500,16,6,"-1"
0,3,9,24,1500,16,6,"-1"
428,-1,11,24,2641,12,14,"-1"
47,3,11,24,2641,12,14,"-1"
749,1,11,24,2641,12,14,"-1"
166,3,11,24,2641,12,14,"-1"
1251,1,11,24,2641,12,14,"-1"
1183,3,42,24,1183,18,14,"-1"
341,3,49,24,1146,14,12,"-1"
805,1,49,24,1146,14,12,"-1"
242,3,50,24,1227,20,8,"-1"
339,-1,50,24,1227,20,8,"-1"
48,3,50,24,1227,20,8,"-1"
595,1,50,24,1227,20,8,"-1"
3,3,50,24,1227,20,8,"-1"
293,3,54,24,1102,12,8,"-1"
809,-1,54,24,1102,12,8,"-1"
171,3,55,24,1934,12,18,"-1"
1763,-1,55,24,1934,12,18,"-1"
412,3,57,24,1127,10,20,"1"
186,-1,57,24,1127,10,20,"1"
459,3,57,24,1127,10,20,"1"
59,-1,57,24,1127,10,20,"1"
11,3,57,24,1127,10,20,"1"
460,3,58,24,1453,2,10,"-1"
993,-1,58,24,1453,2,10,"-1"
58,3,59,24,1282,8,2,"-1"
482,-1,59,24,1282,8,2,"-1"
742,3,59,24,1282,8,2,"-1"
7156,3,62,24,7156,2,12,"-1"
1348,-1,63,24,1348,16,8,"-1"
66,-1,65,24,1154,20,6,"-1"
207,3,65,24,1154,20,6,"-1"
366,-1,65,24,1154,20,6,"-1"
15,3,65,24,1154,20,6,"-1"
492,1,65,24,1154,20,6,"-1"
8,3,65,24,1154,20,6,"-1"
91,3,67,24,1084,20,10,"-1"
331,-1,67,24,1084,20,10,"-1"
16,3,67,24,1084,20,10,"-1"
646,1,67,24,1084,20,10,"-1"
53,-1,94,24,3465,8,14,"-1"
210,3,94,24,3465,8,14,"-1"
12,-1,94,24,3465,8,14,"-1"
129,3,94,24,3465,8,14,"-1"
396,1,94,24,3465,8,14,"-1"
6,3,94,24,3465,8,14,"-1"
1,-1,94,24,3465,8,14,"-1"
1441,3,94,24,3465,8,14,"-1"
1152,1,94,24,3465,8,14,"-1"
65,3,94,24,3465,8,14,"-1"
248,3,95,24,968,2,4,"-1"
720,-1,95,24,968,2,4,"-1"
174,-1,8,25,1051,18,10,"-1"
25,3,8,25,1051,18,10,"-1"
186,1,8,25,1051,18,10,"-1"
12,3,8,25,1051,18,10,"-1"
370,-1,8,25,1051,18,10,"-1"
18,3,8,25,1051,18,10,"-1"
266,1,8,25,1051,18,10,"-1"
196,3,9,25,1698,20,12,"-1"
647,1,9,25,1698,20,12,"-1"
539,3,9,25,1698,20,12,"-1"
316,1,9,25,1698,20,12,"-1"
223,3,13,25,1836,12,8,"-1"
283,1,13,25,1836,12,8,"-1"
152,3,13,25,1836,12,8,"-1"
102,1,13,25,1836,12,8,"-1"
19,3,13,25,1836,12,8,"-1"
322,-1,13,25,1836,12,8,"-1"
20,3,13,25,1836,12,8,"-1"
193,1,13,25,1836,12,8,"-1"
12,3,13,25,1836,12,8,"-1"
51,-1,13,25,1836,12,8,"-1"
332,3,13,25,1836,12,8,"-1"
127,1,13,25,1836,12,8,"-1"
197,3,14,25,1132,10,14,"-1"
221,1,14,25,1132,10,14,"-1"
21,3,14,25,1132,10,14,"-1"
286,-1,14,25,1132,10,14,"-1"
14,3,14,25,1132,10,14,"-1"
302,1,14,25,1132,10,14,"-1"
91,3,14,25,1132,10,14,"-1"
210,-1,16,25,1284,12,4,"-1"
160,3,16,25,1284,12,4,"-1"
304,-1,16,25,1284,12,4,"-1"
20,3,16,25,1284,12,4,"-1"
224,1,16,25,1284,12,4,"-1"
333,3,16,25,1284,12,4,"-1"
33,-1,16,25,1284,12,4,"-1"
204,-1,18,25,1421,4,12,"1"
31,3,18,25,1421,4,12,"1"
167,1,18,25,1421,4,12,"1"
219,3,18,25,1421,4,12,"1"
57,-1,18,25,1421,4,12,"1"
105,3,18,25,1421,4,12,"1"
206,1,18,25,1421,4,12,"1"
432,3,18,25,1421,4,12,"1"
166,-1,21,25,1014,4,20,"1"
222,3,21,25,1014,4,20,"1"
506,-1,21,25,1014,4,20,"1"
16,3,21,25,1014,4,20,"1"
104,1,21,25,1014,4,20,"1"
1139,3,22,25,1198,12,18,"-1"
59,1,22,25,1198,12,18,"-1"
226,-1,24,25,901,16,16,"-1"
20,3,24,25,901,16,16,"-1"
244,1,24,25,901,16,16,"-1"
411,3,24,25,901,16,16,"-1"
294,3,25,25,1015,18,2,"-1"
282,-1,25,25,1015,18,2,"-1"
16,3,25,25,1015,18,2,"-1"
194,1,25,25,1015,18,2,"-1"
229,3,25,25,1015,18,2,"-1"
733,-1,26,25,733,8,6,"-1"
214,3,27,25,815,18,4,"-1"
249,1,27,25,815,18,4,"-1"
14,3,27,25,815,18,4,"-1"
179,-1,27,25,815,18,4,"-1"
133,3,27,25,815,18,4,"-1"
26,1,27,25,815,18,4,"-1"
349,3,28,25,464,8,2,"-1"
115,-1,28,25,464,8,2,"-1"
274,3,29,25,764,14,12,"-1"
65,1,29,25,764,14,12,"-1"
17,3,29,25,764,14,12,"-1"
172,-1,29,25,764,14,12,"-1"
195,3,29,25,764,14,12,"-1"
41,1,29,25,764,14,12,"-1"
414,3,31,25,1084,20,4,"-1"
296,-1,31,25,1084,20,4,"-1"
12,3,31,25,1084,20,4,"-1"
212,1,31,25,1084,20,4,"-1"
16,3,31,25,1084,20,4,"-1"
134,-1,31,25,1084,20,4,"-1"
214,3,32,25,1352,4,18,"1"
121,1,32,25,1352,4,18,"1"
19,3,32,25,1352,4,18,"1"
583,-1,32,25,1352,4,18,"1"
415,3,32,25,1352,4,18,"1"
158,-1,33,25,1066,16,2,"-1"
38,3,33,25,1066,16,2,"-1"
262,1,33,25,1066,16,2,"-1"
343,3,33,25,1066,16,2,"-1"
265,-1,33,25,1066,16,2,"-1"
202,3,35,25,865,12,2,"-1"
217,1,35,25,865,12,2,"-1"
16,3,35,25,865,12,2,"-1"
332,-1,35,25,865,12,2,"-1"
19,3,35,25,865,12,2,"-1"
79,1,35,25,865,12,2,"-1"
354,1,37,25,631,2,8,"-1"
15,3,37,25,631,2,8,"-1"
236,-1,37,25,631,2,8,"-1"
6,3,37,25,631,2,8,"-1"
20,1,37,25,631,2,8,"-1"
110,3,40,25,431,6,6,"-1"
209,1,40,25,431,6,6,"-1"
14,3,40,25,431,6,6,"-1"
98,-1,40,25,431,6,6,"-1"
182,3,41,25,731,18,18,"-1"
171,1,41,25,731,18,18,"-1"
17,3,41,25,731,18,18,"-1"
299,-1,41,25,731,18,18,"-1"
17,3,41,25,731,18,18,"-1"
45,1,41,25,731,18,18,"-1"
114,1,42,25,435,20,8,"-1"
54,3,42,25,435,20,8,"-1"
132,1,42,25,435,20,8,"-1"
9,3,42,25,435,20,8,"-1"
126,-1,42,25,435,20,8,"-1"
320,3,44,25,683,12,16,"-1"
310,-1,44,25,683,12,16,"-1"
12,3,44,25,683,12,16,"-1"
41,1,44,25,683,12,16,"-1"
223,3,45,25,417,6,8,"-1"
167,1,45,25,417,6,8,"-1"
10,3,45,25,417,6,8,"-1"
17,-1,45,25,417,6,8,"-1"
20,-1,46,25,402,14,18,"-1"
227,3,46,25,402,14,18,"-1"
135,1,46,25,402,14,18,"-1"
11,3,46,25,402,14,18,"-1"
9,-1,46,25,402,14,18,"-1"
201,-1,47,25,566,2,12,"-1"
23,3,47,25,566,2,12,"-1"
195,1,47,25,566,2,12,"-1"
24,3,47,25,566,2,12,"-1"
123,-1,47,25,566,2,12,"-1"
191,-1,48,25,880,4,6,"-1"
20,3,48,25,880,4,6,"-1"
222,1,48,25,880,4,6,"-1"
310,3,48,25,880,4,6,"-1"
137,1,48,25,880,4,6,"-1"
621,3,49,25,702,16,20,"-1"
81,1,49,25,702,16,20,"-1"
233,3,50,25,883,6,10,"-1"
114,1,50,25,883,6,10,"-1"
10,3,50,25,883,6,10,"-1"
320,-1,50,25,883,6,10,"-1"
12,3,50,25,883,6,10,"-1"
194,1,50,25,883,6,10,"-1"
288,1,51,25,500,6,12,"-1"
9,3,51,25,500,6,12,"-1"
203,-1,51,25,500,6,12,"-1"
210,3,52,25,702,14,10,"-1"
87,1,52,25,702,14,10,"-1"
17,3,52,25,702,14,10,"-1"
288,-1,52,25,702,14,10,"-1"
12,3,52,25,702,14,10,"-1"
88,1,52,25,702,14,10,"-1"
281,1,53,25,686,16,10,"-1"
16,3,53,25,686,16,10,"-1"
266,-1,53,25,686,16,10,"-1"
15,3,53,25,686,16,10,"-1"
108,1,53,25,686,16,10,"-1"
211,3,54,25,934,12,12,"-1"
253,1,54,25,934,12,12,"-1"
12,3,54,25,934,12,12,"-1"
363,-1,54,25,934,12,12,"-1"
95,3,54,25,934,12,12,"-1"
61,1,55,25,701,18,16,"-1"
189,3,55,25,701,18,16,"-1"
131,1,55,25,701,18,16,"-1"
5,3,55,25,701,18,16,"-1"
256,-1,55,25,701,18,16,"-1"
13,3,55,25,701,18,16,"-1"
46,1,55,25,701,18,16,"-1"
169,3,59,25,717,14,8,"-1"
268,1,59,25,717,14,8,"-1"
12,3,59,25,717,14,8,"-1"
239,-1,59,25,717,14,8,"-1"
16,3,59,25,717,14,8,"-1"
13,1,59,25,717,14,8,"-1"
207,3,60,25,752,6,2,"-1"
169,1,60,25,752,6,2,"-1"
14,3,60,25,752,6,2,"-1"
293,-1,60,25,752,6,2,"-1"
69,3,60,25,752,6,2,"-1"
210,3,61,25,550,10,4,"-1"
211,1,61,25,550,10,4,"-1"
9,3,61,25,550,10,4,"-1"
120,-1,61,25,550,10,4,"-1"
269,1,62,25,465,10,8,"-1"
20,3,62,25,465,10,8,"-1"
176,-1,62,25,465,10,8,"-1"
213,3,64,25,611,8,18,"-1"
139,1,64,25,611,8,18,"-1"
14,3,64,25,611,8,18,"-1"
245,-1,64,25,611,8,18,"-1"
224,3,70,25,997,6,4,"-1"
107,1,70,25,997,6,4,"-1"
219,3,70,25,997,6,4,"-1"
326,-1,70,25,997,6,4,"-1"
15,3,70,25,997,6,4,"-1"
106,1,70,25,997,6,4,"-1"
186,3,72,25,816,16,6,"-1"
219,1,72,25,816,16,6,"-1"
344,-1,72,25,816,16,6,"-1"
14,3,72,25,816,16,6,"-1"
53,1,72,25,816,16,6,"-1"
202,3,73,25,568,8,4,"-1"
229,1,73,25,568,8,4,"-1"
8,3,73,25,568,8,4,"-1"
129,-1,73,25,568,8,4,"-1"
216,3,74,25,865,20,2,"-1"
214,1,74,25,865,20,2,"-1"
11,3,74,25,865,20,2,"-1"
307,-1,74,25,865,20,2,"-1"
13,3,74,25,865,20,2,"-1"
104,1,74,25,865,20,2,"-1"
349,1,82,25,647,10,6,"-1"
26,3,82,25,647,10,6,"-1"
272,-1,82,25,647,10,6,"-1"
345,1,84,25,497,4,2,"-1"
14,3,84,25,497,4,2,"-1"
138,-1,84,25,497,4,2,"-1"
369,1,86,25,949,16,8,"-1"
16,3,86,25,949,16,8,"-1"
329,-1,86,25,949,16,8,"-1"
8,3,86,25,949,16,8,"-1"
227,1,86,25,949,16,8,"-1"
331,3,88,25,703,4,4,"-1"
281,-1,88,25,703,4,4,"-1"
14,3,88,25,703,4,4,"-1"
77,1,88,25,703,4,4,"-1"
300,1,89,25,495,14,6,"-1"
33,3,89,25,495,14,6,"-1"
162,-1,89,25,495,14,6,"-1"
347,3,90,25,778,16,4,"-1"
205,1,90,25,778,16,4,"-1"
21,3,90,25,778,16,4,"-1"
205,-1,90,25,778,16,4,"-1"
388,1,91,25,855,14,4,"-1"
13,3,91,25,855,14,4,"-1"
253,-1,91,25,855,14,4,"-1"
7,3,91,25,855,14,4,"-1"
194,1,91,25,855,14,4,"-1"
241,3,97,25,738,14,16,"-1"
63,1,97,25,738,14,16,"-1"
22,3,97,25,738,14,16,"-1"
353,-1,97,25,738,14,16,"-1"
59,3,97,25,738,14,16,"-1"
196,3,98,25,816,14,20,"-1"
239,1,98,25,816,14,20,"-1"
7,3,98,25,816,14,20,"-1"
348,-1,98,25,816,14,20,"-1"
10,3,98,25,816,14,20,"-1"
16,1,98,25,816,14,20,"-1"
150,1,100,25,916,20,10,"-1"
638,3,100,25,916,20,10,"-1"
128,1,100,25,916,20,10,"-1"
237,3,2,26,3350,10,14,"1"
239,1,2,26,3350,10,14,"1"
11,3,2,26,3350,10,14,"1"
703,-1,2,26,3350,10,14,"1"
256,3,2,26,3350,10,14,"1"
1266,1,2,26,3350,10,14,"1"
14,3,2,26,3350,10,14,"1"
438,-1,2,26,3350,10,14,"1"
13,3,2,26,3350,10,14,"1"
173,1,2,26,3350,10,14,"1"
239,3,3,26,2932,4,14,"1"
287,-1,3,26,2932,4,14,"1"
4,3,3,26,2932,4,14,"1"
466,1,3,26,2932,4,14,"1"
22,3,3,26,2932,4,14,"1"
856,-1,3,26,2932,4,14,"1"
724,3,3,26,2932,4,14,"1"
334,1,3,26,2932,4,14,"1"
338,3,4,26,3217,6,8,"1"
403,-1,4,26,3217,6,8,"1"
16,3,4,26,3217,6,8,"1"
460,1,4,26,3217,6,8,"1"
712,3,4,26,3217,6,8,"1"
853,1,4,26,3217,6,8,"1"
94,3,4,26,3217,6,8,"1"
192,-1,4,26,3217,6,8,"1"
24,3,4,26,3217,6,8,"1"
125,1,4,26,3217,6,8,"1"
365,3,5,26,4269,18,8,"-1"
276,-1,5,26,4269,18,8,"-1"
548,3,5,26,4269,18,8,"-1"
1023,-1,5,26,4269,18,8,"-1"
22,3,5,26,4269,18,8,"-1"
262,1,5,26,4269,18,8,"-1"
25,3,5,26,4269,18,8,"-1"
559,-1,5,26,4269,18,8,"-1"
26,3,5,26,4269,18,8,"-1"
804,1,5,26,4269,18,8,"-1"
20,3,5,26,4269,18,8,"-1"
339,-1,5,26,4269,18,8,"-1"
260,3,7,26,1536,14,18,"1"
275,1,7,26,1536,14,18,"1"
15,3,7,26,1536,14,18,"1"
557,-1,7,26,1536,14,18,"1"
12,3,7,26,1536,14,18,"1"
417,1,7,26,1536,14,18,"1"
292,3,8,26,5244,20,10,"-1"
290,-1,8,26,5244,20,10,"-1"
18,3,8,26,5244,20,10,"-1"
711,1,8,26,5244,20,10,"-1"
4,3,8,26,5244,20,10,"-1"
2517,-1,8,26,5244,20,10,"-1"
1412,3,8,26,5244,20,10,"-1"
296,3,9,26,1014,8,10,"1"
120,-1,9,26,1014,8,10,"1"
18,3,9,26,1014,8,10,"1"
580,1,9,26,1014,8,10,"1"
309,3,10,26,2290,14,10,"-1"
194,-1,10,26,2290,14,10,"-1"
12,3,10,26,2290,14,10,"-1"
476,1,10,26,2290,14,10,"-1"
9,3,10,26,2290,14,10,"-1"
821,-1,10,26,2290,14,10,"-1"
16,3,10,26,2290,14,10,"-1"
453,1,10,26,2290,14,10,"-1"
273,3,11,26,1598,20,2,"-1"
172,1,11,26,1598,20,2,"-1"
32,3,11,26,1598,20,2,"-1"
299,-1,11,26,1598,20,2,"-1"
21,3,11,26,1598,20,2,"-1"
235,1,11,26,1598,20,2,"-1"
15,3,11,26,1598,20,2,"-1"
399,-1,11,26,1598,20,2,"-1"
152,3,11,26,1598,20,2,"-1"
256,3,12,26,1299,4,20,"1"
327,1,12,26,1299,4,20,"1"
18,3,12,26,1299,4,20,"1"
229,-1,12,26,1299,4,20,"1"
25,3,12,26,1299,4,20,"1"
444,1,12,26,1299,4,20,"1"
554,3,13,26,9113,14,14,"1"
276,1,13,26,9113,14,14,"1"
25,3,13,26,9113,14,14,"1"
363,-1,13,26,9113,14,14,"1"
510,3,13,26,9113,14,14,"1"
464,1,13,26,9113,14,14,"1"
978,3,13,26,9113,14,14,"1"
406,1,13,26,9113,14,14,"1"
33,3,13,26,9113,14,14,"1"
230,-1,13,26,9113,14,14,"1"
24,3,13,26,9113,14,14,"1"
415,1,13,26,9113,14,14,"1"
1430,3,13,26,9113,14,14,"1"
286,1,13,26,9113,14,14,"1"
13,3,13,26,9113,14,14,"1"
541,-1,13,26,9113,14,14,"1"
29,3,13,26,9113,14,14,"1"
865,1,13,26,9113,14,14,"1"
267,3,13,26,9113,14,14,"1"
217,1,13,26,9113,14,14,"1"
486,3,13,26,9113,14,14,"1"
701,1,13,26,9113,14,14,"1"
253,3,14,26,1454,16,16,"1"
226,1,14,26,1454,16,16,"1"
115,3,14,26,1454,16,16,"1"
439,-1,14,26,1454,16,16,"1"
266,3,14,26,1454,16,16,"1"
155,1,14,26,1454,16,16,"1"
270,3,15,26,1897,18,16,"-1"
143,1,15,26,1897,18,16,"-1"
20,3,15,26,1897,18,16,"-1"
585,-1,15,26,1897,18,16,"-1"
17,3,15,26,1897,18,16,"-1"
317,1,15,26,1897,18,16,"-1"
11,3,15,26,1897,18,16,"-1"
534,-1,15,26,1897,18,16,"-1"
309,3,16,26,1939,14,20,"1"
226,-1,16,26,1939,14,20,"1"
8,3,16,26,1939,14,20,"1"
348,1,16,26,1939,14,20,"1"
18,3,16,26,1939,14,20,"1"
287,-1,16,26,1939,14,20,"1"
20,3,16,26,1939,14,20,"1"
723,1,16,26,1939,14,20,"1"
605,3,17,26,1467,2,14,"1"
862,1,17,26,1467,2,14,"1"
357,3,18,26,1699,10,10,"1"
184,-1,18,26,1699,10,10,"1"
21,3,18,26,1699,10,10,"1"
1137,1,18,26,1699,10,10,"1"
244,3,19,26,994,4,10,"1"
202,1,19,26,994,4,10,"1"
12,3,19,26,994,4,10,"1"
536,-1,19,26,994,4,10,"1"
247,3,20,26,787,12,18,"1"
203,1,20,26,787,12,18,"1"
17,3,20,26,787,12,18,"1"
320,-1,20,26,787,12,18,"1"
359,3,21,26,751,2,10,"1"
240,-1,21,26,751,2,10,"1"
17,3,21,26,751,2,10,"1"
135,1,21,26,751,2,10,"1"
362,3,22,26,1383,2,2,"1"
231,-1,22,26,1383,2,2,"1"
21,3,22,26,1383,2,2,"1"
533,1,22,26,1383,2,2,"1"
31,3,22,26,1383,2,2,"1"
205,-1,22,26,1383,2,2,"1"
1042,3,23,26,1483,20,12,"-1"
298,-1,23,26,1483,20,12,"-1"
26,3,23,26,1483,20,12,"-1"
117,1,23,26,1483,20,12,"-1"
261,3,24,26,758,18,6,"-1"
275,-1,24,26,758,18,6,"-1"
12,3,24,26,758,18,6,"-1"
210,1,24,26,758,18,6,"-1"
445,3,25,26,932,4,6,"1"
487,1,25,26,932,4,6,"1"
389,3,26,26,1587,10,6,"-1"
316,-1,26,26,1587,10,6,"-1"
25,3,26,26,1587,10,6,"-1"
387,1,26,26,1587,10,6,"-1"
470,3,26,26,1587,10,6,"-1"
378,3,27,26,2451,2,18,"1"
255,1,27,26,2451,2,18,"1"
33,3,27,26,2451,2,18,"1"
261,-1,27,26,2451,2,18,"1"
58,3,27,26,2451,2,18,"1"
834,1,27,26,2451,2,18,"1"
265,3,27,26,2451,2,18,"1"
318,-1,27,26,2451,2,18,"1"
49,3,27,26,2451,2,18,"1"
455,3,28,26,2310,12,14,"1"
1361,1,28,26,2310,12,14,"1"
494,3,28,26,2310,12,14,"1"
407,3,29,26,2585,20,6,"-1"
2178,-1,29,26,2585,20,6,"-1"
633,3,30,26,2869,16,12,"-1"
260,-1,30,26,2869,16,12,"-1"
22,3,30,26,2869,16,12,"-1"
767,1,30,26,2869,16,12,"-1"
18,3,30,26,2869,16,12,"-1"
1169,-1,30,26,2869,16,12,"-1"
282,3,31,26,1152,14,16,"1"
226,-1,31,26,1152,14,16,"1"
40,3,31,26,1152,14,16,"1"
604,1,31,26,1152,14,16,"1"
242,3,32,26,3570,6,18,"1"
192,-1,32,26,3570,6,18,"1"
8,3,32,26,3570,6,18,"1"
674,1,32,26,3570,6,18,"1"
586,3,32,26,3570,6,18,"1"
491,1,32,26,3570,6,18,"1"
16,3,32,26,3570,6,18,"1"
1119,-1,32,26,3570,6,18,"1"
242,3,32,26,3570,6,18,"1"
340,3,33,26,829,12,20,"1"
135,1,33,26,829,12,20,"1"
25,3,33,26,829,12,20,"1"
329,-1,33,26,829,12,20,"1"
479,3,34,26,1180,18,4,"-1"
114,1,34,26,1180,18,4,"-1"
587,3,34,26,1180,18,4,"-1"
564,3,35,26,950,8,2,"-1"
208,1,35,26,950,8,2,"-1"
178,3,35,26,950,8,2,"-1"
260,3,36,26,695,4,16,"1"
194,1,36,26,695,4,16,"1"
241,3,36,26,695,4,16,"1"
881,3,37,26,2418,10,18,"1"
447,1,37,26,2418,10,18,"1"
1090,3,37,26,2418,10,18,"1"
567,3,38,26,837,10,2,"-1"
270,-1,38,26,837,10,2,"-1"
672,3,39,26,956,14,2,"-1"
284,-1,39,26,956,14,2,"-1"
765,3,40,26,765,8,16,"1"
733,3,41,26,920,12,10,"-1"
82,-1,41,26,920,12,10,"-1"
105,3,41,26,920,12,10,"-1"
2490,3,42,26,2490,16,18,"1"
1297,3,43,26,1297,6,6,"1"
823,3,44,26,823,4,18,"1"
689,3,45,26,1950,6,16,"1"
206,1,45,26,1950,6,16,"1"
1055,3,45,26,1950,6,16,"1"
1070,3,46,26,1070,12,16,"1"
1637,3,47,26,1637,12,2,"-1"
1330,3,48,26,1330,12,8,"-1"
1685,3,49,26,1685,2,8,"1"
2954,3,50,26,3070,20,8,"-1"
116,-1,50,26,3070,20,8,"-1"
978,3,51,26,978,10,20,"1"
1226,3,52,26,1226,8,20,"1"
1873,3,53,26,2016,2,6,"1"
143,-1,53,26,2016,2,6,"1"
1067,3,54,26,1067,6,4,"-1"
361,3,55,26,1895,16,6,"-1"
576,-1,55,26,1895,16,6,"-1"
958,3,55,26,1895,16,6,"-1"
350,3,56,26,929,10,8,"-1"
392,-1,56,26,929,10,8,"-1"
111,3,56,26,929,10,8,"-1"
76,-1,56,26,929,10,8,"-1"
424,3,57,26,817,2,12,"1"
276,1,57,26,817,2,12,"1"
117,3,57,26,817,2,12,"1"
375,3,59,26,764,20,4,"-1"
389,-1,59,26,764,20,4,"-1"
334,3,60,26,869,12,4,"-1"
241,-1,60,26,869,12,4,"-1"
260,3,60,26,869,12,4,"-1"
34,-1,60,26,869,12,4,"-1"
569,3,61,26,996,6,2,"-1"
191,1,61,26,996,6,2,"-1"
24,3,61,26,996,6,2,"-1"
212,-1,61,26,996,6,2,"-1"
218,3,62,26,1360,12,12,"1"
691,-1,62,26,1360,12,12,"1"
20,3,62,26,1360,12,12,"1"
431,-1,62,26,1360,12,12,"1"
716,3,63,26,922,12,6,"-1"
206,-1,63,26,922,12,6,"-1"
265,3,64,26,1001,18,18,"1"
138,1,64,26,1001,18,18,"1"
149,3,64,26,1001,18,18,"1"
449,-1,64,26,1001,18,18,"1"
555,3,65,26,1956,16,8,"-1"
170,-1,65,26,1956,16,8,"-1"
1209,3,65,26,1956,16,8,"-1"
22,-1,65,26,1956,16,8,"-1"
1079,3,66,26,1143,18,10,"-1"
64,-1,66,26,1143,18,10,"-1"
698,3,67,26,848,4,8,"1"
115,1,67,26,848,4,8,"1"
35,3,67,26,848,4,8,"1"
721,3,68,26,1067,8,8,"1"
258,1,68,26,1067,8,8,"1"
88,3,68,26,1067,8,8,"1"
784,3,69,26,784,2,4,"1"
1581,3,70,26,1581,18,12,"-1"
871,3,71,26,1464,18,14,"-1"
330,-1,71,26,1464,18,14,"-1"
263,3,71,26,1464,18,14,"-1"
785,3,73,26,785,2,20,"1"
616,3,74,26,2413,8,4,"-1"
1797,-1,74,26,2413,8,4,"-1"
532,3,75,26,933,8,14,"1"
282,1,75,26,933,8,14,"1"
21,3,75,26,933,8,14,"1"
98,-1,75,26,933,8,14,"1"
639,3,76,26,746,10,12,"1"
107,1,76,26,746,10,12,"1"
884,3,77,26,884,14,4,"-1"
1149,3,78,26,1149,20,14,"-1"
1469,3,79,26,1469,6,10,"1"
256,3,80,26,748,6,14,"1"
211,1,80,26,748,6,14,"1"
281,3,80,26,748,6,14,"1"
293,3,81,26,682,16,20,"1"
58,-1,81,26,682,16,20,"1"
114,3,81,26,682,16,20,"1"
94,1,81,26,682,16,20,"1"
123,3,81,26,682,16,20,"1"
178,3,82,26,970,14,8,"-1"
170,-1,82,26,970,14,8,"-1"
622,3,82,26,970,14,8,"-1"
752,3,83,26,752,4,12,"1"
767,3,84,26,767,18,2,"-1"
1116,3,85,26,1116,20,16,"-1"
419,3,86,26,736,8,12,"1"
85,1,86,26,736,8,12,"1"
232,3,86,26,736,8,12,"1"
265,3,87,26,702,2,16,"1"
76,1,87,26,702,2,16,"1"
361,3,87,26,702,2,16,"1"
935,3,88,26,935,6,20,"1"
499,3,89,26,2029,8,18,"1"
206,-1,89,26,2029,8,18,"1"
25,3,89,26,2029,8,18,"1"
327,1,89,26,2029,8,18,"1"
252,3,89,26,2029,8,18,"1"
267,1,89,26,2029,8,18,"1"
453,3,89,26,2029,8,18,"1"
509,3,90,26,1428,14,12,"-1"
426,1,90,26,1428,14,12,"-1"
412,3,90,26,1428,14,12,"-1"
81,-1,90,26,1428,14,12,"-1"
1703,3,91,26,4227,6,12,"1"
2374,1,91,26,4227,6,12,"1"
150,3,91,26,4227,6,12,"1"
332,3,93,26,4202,18,20,"1"
2766,1,93,26,4202,18,20,"1"
1104,3,93,26,4202,18,20,"1"
1328,3,94,26,1344,16,4,"-1"
16,-1,94,26,1344,16,4,"-1"
979,3,95,26,1003,4,4,"1"
24,-1,95,26,1003,4,4,"1"
731,3,96,26,863,10,16,"1"
132,1,96,26,863,10,16,"1"
529,3,99,26,815,16,2,"-1"
110,-1,99,26,815,16,2,"-1"
176,3,99,26,815,16,2,"-1"
254,3,1,27,2385,20,8,"1"
2131,-1,1,27,2385,20,8,"1"
197,3,3,27,1465,12,6,"-1"
323,-1,3,27,1465,12,6,"-1"
9,3,3,27,1465,12,6,"-1"
369,1,3,27,1465,12,6,"-1"
16,3,3,27,1465,12,6,"-1"
551,-1,3,27,1465,12,6,"-1"
216,3,4,27,1232,14,6,"-1"
611,-1,4,27,1232,14,6,"-1"
16,3,4,27,1232,14,6,"-1"
300,1,4,27,1232,14,6,"-1"
27,3,4,27,1232,14,6,"-1"
62,-1,4,27,1232,14,6,"-1"
231,3,5,27,896,6,18,"1"
149,-1,5,27,896,6,18,"1"
13,3,5,27,896,6,18,"1"
503,1,5,27,896,6,18,"1"
209,3,6,27,1049,14,2,"-1"
356,1,6,27,1049,14,2,"-1"
484,-1,6,27,1049,14,2,"-1"
294,3,7,27,947,8,16,"1"
249,1,7,27,947,8,16,"1"
7,3,7,27,947,8,16,"1"
397,-1,7,27,947,8,16,"1"
308,3,8,27,1821,4,2,"1"
275,1,8,27,1821,4,2,"1"
17,3,8,27,1821,4,2,"1"
525,-1,8,27,1821,4,2,"1"
7,3,8,27,1821,4,2,"1"
283,1,8,27,1821,4,2,"1"
8,3,8,27,1821,4,2,"1"
292,-1,8,27,1821,4,2,"1"
8,3,8,27,1821,4,2,"1"
98,1,8,27,1821,4,2,"1"
966,3,9,27,966,4,4,"1"
204,3,10,27,1335,16,14,"1"
217,-1,10,27,1335,16,14,"1"
10,3,10,27,1335,16,14,"1"
428,1,10,27,1335,16,14,"1"
18,3,10,27,1335,16,14,"1"
458,-1,10,27,1335,16,14,"1"
210,3,11,27,884,20,6,"-1"
674,-1,11,27,884,20,6,"-1"
227,3,12,27,1467,14,8,"1"
334,-1,12,27,1467,14,8,"1"
9,3,12,27,1467,14,8,"1"
427,1,12,27,1467,14,8,"1"
17,3,12,27,1467,14,8,"1"
349,-1,12,27,1467,14,8,"1"
104,3,12,27,1467,14,8,"1"
203,3,13,27,2106,12,10,"1"
681,-1,13,27,2106,12,10,"1"
7,3,13,27,2106,12,10,"1"
1215,1,13,27,2106,12,10,"1"
315,3,14,27,768,10,18,"1"
453,1,14,27,768,10,18,"1"
192,3,15,27,1115,6,14,"1"
923,-1,15,27,1115,6,14,"1"
1473,-1,16,27,2039,8,4,"-1"
346,1,16,27,2039,8,4,"-1"
216,-1,16,27,2039,8,4,"-1"
4,3,16,27,2039,8,4,"-1"
201,3,17,27,1467,8,10,"1"
448,-1,17,27,1467,8,10,"1"
164,3,17,27,1467,8,10,"1"
30,-1,17,27,1467,8,10,"1"
624,1,17,27,1467,8,10,"1"
382,-1,18,27,2431,4,20,"1"
265,3,18,27,2431,4,20,"1"
127,-1,18,27,2431,4,20,"1"
8,3,18,27,2431,4,20,"1"
709,1,18,27,2431,4,20,"1"
374,3,18,27,2431,4,20,"1"
429,1,18,27,2431,4,20,"1"
137,3,18,27,2431,4,20,"1"
187,-1,20,27,3753,2,6,"1"
1944,3,20,27,3753,2,6,"1"
1523,-1,20,27,3753,2,6,"1"
99,3,20,27,3753,2,6,"1"
200,3,21,27,1150,10,16,"1"
352,-1,21,27,1150,10,16,"1"
10,1,21,27,1150,10,16,"1"
355,3,21,27,1150,10,16,"1"
224,1,21,27,1150,10,16,"1"
9,3,21,27,1150,10,16,"1"
192,3,24,27,1142,6,16,"1"
549,-1,24,27,1142,6,16,"1"
0,3,24,27,1142,6,16,"1"
396,1,24,27,1142,6,16,"1"
5,3,24,27,1142,6,16,"1"
202,3,26,27,3574,14,20,"1"
226,-1,26,27,3574,14,20,"1"
40,3,26,27,3574,14,20,"1"
3106,1,26,27,3574,14,20,"1"
211,3,27,27,912,12,20,"1"
238,-1,27,27,912,12,20,"1"
391,1,27,27,912,12,20,"1"
72,3,27,27,912,12,20,"1"
230,3,28,27,1503,6,6,"1"
241,-1,28,27,1503,6,6,"1"
9,3,28,27,1503,6,6,"1"
1023,1,28,27,1503,6,6,"1"
213,3,30,27,1165,8,2,"-1"
364,-1,30,27,1165,8,2,"-1"
588,1,30,27,1165,8,2,"-1"
211,3,31,27,1416,20,10,"1"
198,-1,31,27,1416,20,10,"1"
43,3,31,27,1416,20,10,"1"
876,1,31,27,1416,20,10,"1"
88,-1,31,27,1416,20,10,"1"
442,3,33,27,1034,10,8,"-1"
52,-1,33,27,1034,10,8,"-1"
20,3,33,27,1034,10,8,"-1"
242,1,33,27,1034,10,8,"-1"
278,3,33,27,1034,10,8,"-1"
446,-1,34,27,861,8,20,"1"
29,3,34,27,861,8,20,"1"
222,1,34,27,861,8,20,"1"
164,3,34,27,861,8,20,"1"
294,-1,35,27,3083,14,14,"1"
33,3,35,27,3083,14,14,"1"
362,1,35,27,3083,14,14,"1"
218,3,35,27,3083,14,14,"1"
353,-1,35,27,3083,14,14,"1"
21,3,35,27,3083,14,14,"1"
231,1,35,27,3083,14,14,"1"
297,3,35,27,3083,14,14,"1"
425,-1,35,27,3083,14,14,"1"
22,3,35,27,3083,14,14,"1"
240,1,35,27,3083,14,14,"1"
587,3,35,27,3083,14,14,"1"
421,-1,36,27,3063,2,14,"1"
820,3,36,27,3063,2,14,"1"
1231,-1,36,27,3063,2,14,"1"
416,3,36,27,3063,2,14,"1"
175,-1,36,27,3063,2,14,"1"
99,1,38,27,4912,6,12,"1"
129,3,38,27,4912,6,12,"1"
433,-1,38,27,4912,6,12,"1"
13,3,38,27,4912,6,12,"1"
6,1,38,27,4912,6,12,"1"
7,-1,38,27,4912,6,12,"1"
260,3,38,27,4912,6,12,"1"
8,-1,38,27,4912,6,12,"1"
3,1,38,27,4912,6,12,"1"
5,3,38,27,4912,6,12,"1"
24,-1,38,27,4912,6,12,"1"
5,3,38,27,4912,6,12,"1"
3,-1,38,27,4912,6,12,"1"
2136,1,38,27,4912,6,12,"1"
392,3,38,27,4912,6,12,"1"
28,-1,38,27,4912,6,12,"1"
5,3,38,27,4912,6,12,"1"
18,-1,38,27,4912,6,12,"1"
2,3,38,27,4912,6,12,"1"
15,1,38,27,4912,6,12,"1"
47,-1,38,27,4912,6,12,"1"
0,3,38,27,4912,6,12,"1"
16,-1,38,27,4912,6,12,"1"
18,1,38,27,4912,6,12,"1"
17,3,38,27,4912,6,12,"1"
26,-1,38,27,4912,6,12,"1"
40,1,38,27,4912,6,12,"1"
6,3,38,27,4912,6,12,"1"
1064,-1,38,27,4912,6,12,"1"
87,3,38,27,4912,6,12,"1"
212,3,40,27,1165,14,12,"-1"
344,-1,40,27,1165,14,12,"-1"
26,3,40,27,1165,14,12,"-1"
523,1,40,27,1165,14,12,"-1"
0,-1,40,27,1165,14,12,"-1"
16,3,40,27,1165,14,12,"-1"
7,-1,40,27,1165,14,12,"-1"
37,1,40,27,1165,14,12,"-1"
200,3,41,27,1490,18,8,"-1"
252,-1,41,27,1490,18,8,"-1"
14,3,41,27,1490,18,8,"-1"
374,1,41,27,1490,18,8,"-1"
650,3,41,27,1490,18,8,"-1"
32,3,43,27,2041,4,10,"1"
2009,-1,43,27,2041,4,10,"1"
1170,-1,44,27,1186,20,20,"-1"
16,3,44,27,1186,20,20,"-1"
583,-1,46,27,1115,18,6,"-1"
378,3,46,27,1115,18,6,"-1"
154,1,46,27,1115,18,6,"-1"
191,3,47,27,803,14,4,"-1"
452,-1,47,27,803,14,4,"-1"
160,1,47,27,803,14,4,"-1"
731,3,48,27,1064,6,8,"-1"
333,-1,48,27,1064,6,8,"-1"
182,3,49,27,730,10,6,"-1"
256,-1,49,27,730,10,6,"-1"
117,3,49,27,730,10,6,"-1"
143,1,49,27,730,10,6,"-1"
32,3,49,27,730,10,6,"-1"
192,3,50,27,815,6,2,"-1"
623,-1,50,27,815,6,2,"-1"
1282,3,51,27,1282,2,2,"1"
158,3,52,27,847,12,4,"-1"
689,-1,52,27,847,12,4,"-1"
209,3,53,27,786,16,16,"-1"
282,-1,53,27,786,16,16,"-1"
295,3,53,27,786,16,16,"-1"
991,3,54,27,2620,4,6,"1"
451,-1,54,27,2620,4,6,"1"
346,3,54,27,2620,4,6,"1"
391,-1,54,27,2620,4,6,"1"
397,3,54,27,2620,4,6,"1"
44,-1,54,27,2620,4,6,"1"
203,3,57,27,666,16,4,"-1"
8,-1,57,27,666,16,4,"-1"
11,3,57,27,666,16,4,"-1"
152,1,57,27,666,16,4,"-1"
200,-1,57,27,666,16,4,"-1"
83,1,57,27,666,16,4,"-1"
9,-1,57,27,666,16,4,"-1"
142,3,58,27,765,16,6,"-1"
604,-1,58,27,765,16,6,"-1"
19,3,58,27,765,16,6,"-1"
235,3,59,27,1535,6,4,"-1"
218,-1,59,27,1535,6,4,"-1"
25,3,59,27,1535,6,4,"-1"
251,1,59,27,1535,6,4,"-1"
175,3,59,27,1535,6,4,"-1"
368,-1,59,27,1535,6,4,"-1"
19,3,59,27,1535,6,4,"-1"
204,1,59,27,1535,6,4,"-1"
17,3,59,27,1535,6,4,"-1"
23,-1,59,27,1535,6,4,"-1"
210,3,60,27,1145,2,12,"1"
200,-1,60,27,1145,2,12,"1"
16,3,60,27,1145,2,12,"1"
297,1,60,27,1145,2,12,"1"
69,3,60,27,1145,2,12,"1"
59,1,60,27,1145,2,12,"1"
31,3,60,27,1145,2,12,"1"
263,-1,60,27,1145,2,12,"1"
209,3,61,27,952,4,16,"1"
288,-1,61,27,952,4,16,"1"
29,3,61,27,952,4,16,"1"
287,1,61,27,952,4,16,"1"
11,3,61,27,952,4,16,"1"
128,-1,61,27,952,4,16,"1"
43,-1,62,27,1049,16,2,"-1"
178,3,62,27,1049,16,2,"-1"
290,-1,62,27,1049,16,2,"-1"
2,3,62,27,1049,16,2,"-1"
536,1,62,27,1049,16,2,"-1"
226,3,63,27,2015,16,18,"-1"
218,-1,63,27,2015,16,18,"-1"
24,3,63,27,2015,16,18,"-1"
193,1,63,27,2015,16,18,"-1"
264,3,63,27,2015,16,18,"-1"
93,-1,63,27,2015,16,18,"-1"
77,3,63,27,2015,16,18,"-1"
160,-1,63,27,2015,16,18,"-1"
20,3,63,27,2015,16,18,"-1"
264,1,63,27,2015,16,18,"-1"
476,3,63,27,2015,16,18,"-1"
219,3,64,27,1462,2,8,"1"
404,-1,64,27,1462,2,8,"1"
28,3,64,27,1462,2,8,"1"
270,1,64,27,1462,2,8,"1"
21,3,64,27,1462,2,8,"1"
335,-1,64,27,1462,2,8,"1"
185,3,64,27,1462,2,8,"1"
324,3,65,27,1803,18,2,"1"
271,1,65,27,1803,18,2,"1"
16,3,65,27,1803,18,2,"1"
610,-1,65,27,1803,18,2,"1"
17,3,65,27,1803,18,2,"1"
565,1,65,27,1803,18,2,"1"
260,3,66,27,1930,16,12,"-1"
249,-1,66,27,1930,16,12,"-1"
935,1,66,27,1930,16,12,"-1"
11,3,66,27,1930,16,12,"-1"
475,-1,66,27,1930,16,12,"-1"
219,3,67,27,1197,4,18,"1"
212,-1,67,27,1197,4,18,"1"
3,3,67,27,1197,4,18,"1"
375,1,67,27,1197,4,18,"1"
170,3,67,27,1197,4,18,"1"
218,-1,67,27,1197,4,18,"1"
337,3,68,27,1253,12,18,"-1"
218,1,68,27,1253,12,18,"-1"
109,3,68,27,1253,12,18,"-1"
375,-1,68,27,1253,12,18,"-1"
20,3,68,27,1253,12,18,"-1"
194,1,68,27,1253,12,18,"-1"
208,3,69,27,1319,16,10,"-1"
201,-1,69,27,1319,16,10,"-1"
366,3,69,27,1319,16,10,"-1"
281,-1,69,27,1319,16,10,"-1"
263,3,69,27,1319,16,10,"-1"
241,-1,70,27,1668,20,14,"-1"
86,3,70,27,1668,20,14,"-1"
522,-1,70,27,1668,20,14,"-1"
378,3,70,27,1668,20,14,"-1"
218,1,70,27,1668,20,14,"-1"
17,3,70,27,1668,20,14,"-1"
206,-1,70,27,1668,20,14,"-1"
595,-1,71,27,1588,2,10,"1"
17,3,71,27,1588,2,10,"1"
377,1,71,27,1588,2,10,"1"
599,3,71,27,1588,2,10,"1"
2456,-1,72,27,4263,10,20,"-1"
1232,1,72,27,4263,10,20,"-1"
7,3,72,27,4263,10,20,"-1"
288,-1,72,27,4263,10,20,"-1"
13,3,72,27,4263,10,20,"-1"
267,1,72,27,4263,10,20,"-1"
450,3,73,27,1401,10,14,"-1"
298,1,73,27,1401,10,14,"-1"
5,3,73,27,1401,10,14,"-1"
445,-1,73,27,1401,10,14,"-1"
17,3,73,27,1401,10,14,"-1"
186,1,73,27,1401,10,14,"-1"
186,3,74,27,1449,18,16,"-1"
841,-1,74,27,1449,18,16,"-1"
422,3,74,27,1449,18,16,"-1"
207,3,75,27,904,18,12,"-1"
259,-1,75,27,904,18,12,"-1"
15,3,75,27,904,18,12,"-1"
423,1,75,27,904,18,12,"-1"
197,3,76,27,854,14,10,"-1"
225,-1,76,27,854,14,10,"-1"
12,3,76,27,854,14,10,"-1"
420,1,76,27,854,14,10,"-1"
190,3,77,27,754,20,4,"-1"
254,-1,77,27,754,20,4,"-1"
17,3,77,27,754,20,4,"-1"
293,1,77,27,754,20,4,"-1"
204,3,78,27,1102,2,18,"1"
233,1,78,27,1102,2,18,"1"
16,3,78,27,1102,2,18,"1"
460,-1,78,27,1102,2,18,"1"
189,1,78,27,1102,2,18,"1"
5,3,79,27,982,10,2,"-1"
73,-1,79,27,982,10,2,"-1"
113,3,79,27,982,10,2,"-1"
248,-1,79,27,982,10,2,"-1"
49,3,79,27,982,10,2,"-1"
454,1,79,27,982,10,2,"-1"
25,3,79,27,982,10,2,"-1"
15,-1,79,27,982,10,2,"-1"
444,-1,81,27,1330,20,16,"-1"
8,3,81,27,1330,20,16,"-1"
862,1,81,27,1330,20,16,"-1"
16,3,81,27,1330,20,16,"-1"
220,3,84,27,2137,18,4,"-1"
579,-1,84,27,2137,18,4,"-1"
19,3,84,27,2137,18,4,"-1"
1319,1,84,27,2137,18,4,"-1"
364,3,85,27,951,8,8,"-1"
587,-1,85,27,951,8,8,"-1"
1259,3,86,27,2375,4,8,"1"
247,1,86,27,2375,4,8,"1"
8,3,86,27,2375,4,8,"1"
475,-1,86,27,2375,4,8,"1"
13,3,86,27,2375,4,8,"1"
373,1,86,27,2375,4,8,"1"
266,3,87,27,968,8,18,"1"
217,1,87,27,968,8,18,"1"
26,3,87,27,968,8,18,"1"
383,-1,87,27,968,8,18,"1"
32,3,87,27,968,8,18,"1"
44,1,87,27,968,8,18,"1"
278,3,88,27,871,12,2,"-1"
344,1,88,27,871,12,2,"-1"
8,3,88,27,871,12,2,"-1"
241,-1,88,27,871,12,2,"-1"
224,3,90,27,2474,12,16,"-1"
1424,-1,90,27,2474,12,16,"-1"
214,3,90,27,2474,12,16,"-1"
612,-1,90,27,2474,12,16,"-1"
581,3,94,27,1179,4,14,"1"
403,-1,94,27,1179,4,14,"1"
195,3,94,27,1179,4,14,"1"
211,3,96,27,852,12,8,"-1"
279,-1,96,27,852,12,8,"-1"
362,3,96,27,852,12,8,"-1"
184,3,99,27,1165,20,18,"-1"
240,1,99,27,1165,20,18,"-1"
52,3,99,27,1165,20,18,"-1"
689,-1,99,27,1165,20,18,"-1"
716,3,100,27,1062,14,18,"-1"
304,-1,100,27,1062,14,18,"-1"
42,3,100,27,1062,14,18,"-1"
265,1,1,29,1099,6,10,"1"
834,3,1,29,1099,6,10,"1"
934,3,2,29,1897,14,4,"-1"
732,1,2,29,1897,14,4,"-1"
231,3,2,29,1897,14,4,"-1"
19,3,3,29,1986,20,4,"-1"
1956,1,3,29,1986,20,4,"-1"
11,3,3,29,1986,20,4,"-1"
283,1,4,29,1207,12,8,"-1"
400,3,4,29,1207,12,8,"-1"
524,1,4,29,1207,12,8,"-1"
212,1,5,29,768,8,18,"1"
556,3,5,29,768,8,18,"1"
753,1,6,29,753,2,20,"1"
459,1,7,29,2652,18,20,"1"
176,3,7,29,2652,18,20,"1"
197,-1,7,29,2652,18,20,"1"
257,3,7,29,2652,18,20,"1"
227,1,7,29,2652,18,20,"1"
572,3,7,29,2652,18,20,"1"
764,1,7,29,2652,18,20,"1"
170,1,8,29,2799,16,20,"1"
2,3,8,29,2799,16,20,"1"
51,1,8,29,2799,16,20,"1"
549,3,8,29,2799,16,20,"1"
1378,1,8,29,2799,16,20,"1"
649,3,8,29,2799,16,20,"1"
559,1,9,29,1137,20,14,"-1"
76,3,9,29,1137,20,14,"-1"
56,1,9,29,1137,20,14,"-1"
107,3,9,29,1137,20,14,"-1"
339,1,9,29,1137,20,14,"-1"
1086,1,10,29,1086,4,10,"1"
1034,1,11,29,1034,14,8,"-1"
926,1,12,29,926,10,20,"1"
2240,1,13,29,4037,14,16,"1"
80,3,13,29,4037,14,16,"1"
5,-1,13,29,4037,14,16,"1"
765,1,13,29,4037,14,16,"1"
23,-1,13,29,4037,14,16,"1"
643,3,13,29,4037,14,16,"1"
281,1,13,29,4037,14,16,"1"
633,1,14,29,2898,18,18,"-1"
118,3,14,29,2898,18,18,"-1"
1343,-1,14,29,2898,18,18,"-1"
15,3,14,29,2898,18,18,"-1"
726,1,14,29,2898,18,18,"-1"
15,-1,14,29,2898,18,18,"-1"
48,3,14,29,2898,18,18,"-1"
39,3,34,29,1158,6,16,"1"
208,-1,34,29,1158,6,16,"1"
659,3,34,29,1158,6,16,"1"
52,-1,34,29,1158,6,16,"1"
180,3,34,29,1158,6,16,"1"
20,-1,34,29,1158,6,16,"1"
1217,3,73,29,1217,4,14,"1"
928,3,81,29,928,6,2,"-1"
391,3,1,30,1280,18,12,"1"
318,-1,1,30,1280,18,12,"1"
13,3,1,30,1280,18,12,"1"
428,1,1,30,1280,18,12,"1"
14,3,1,30,1280,18,12,"1"
116,-1,1,30,1280,18,12,"1"
247,3,2,30,2433,4,16,"-1"
412,1,2,30,2433,4,16,"-1"
329,-1,2,30,2433,4,16,"-1"
205,3,2,30,2433,4,16,"-1"
312,1,2,30,2433,4,16,"-1"
12,3,2,30,2433,4,16,"-1"
57,-1,2,30,2433,4,16,"-1"
3,3,2,30,2433,4,16,"-1"
5,-1,2,30,2433,4,16,"-1"
45,1,2,30,2433,4,16,"-1"
130,3,2,30,2433,4,16,"-1"
274,-1,2,30,2433,4,16,"-1"
12,3,2,30,2433,4,16,"-1"
233,1,2,30,2433,4,16,"-1"
8,3,2,30,2433,4,16,"-1"
149,-1,2,30,2433,4,16,"-1"
257,3,3,30,1974,10,6,"1"
252,1,3,30,1974,10,6,"1"
5,3,3,30,1974,10,6,"1"
1341,-1,3,30,1974,10,6,"1"
119,3,3,30,1974,10,6,"1"
378,1,4,30,2291,12,10,"1"
45,3,4,30,2291,12,10,"1"
26,-1,4,30,2291,12,10,"1"
1649,1,4,30,2291,12,10,"1"
40,-1,4,30,2291,12,10,"1"
39,1,4,30,2291,12,10,"1"
114,3,4,30,2291,12,10,"1"
247,1,6,30,2833,18,10,"1"
13,3,6,30,2833,18,10,"1"
1696,-1,6,30,2833,18,10,"1"
7,3,6,30,2833,18,10,"1"
25,-1,6,30,2833,18,10,"1"
9,3,6,30,2833,18,10,"1"
31,-1,6,30,2833,18,10,"1"
1,1,6,30,2833,18,10,"1"
7,3,6,30,2833,18,10,"1"
65,-1,6,30,2833,18,10,"1"
3,3,6,30,2833,18,10,"1"
14,-1,6,30,2833,18,10,"1"
22,3,6,30,2833,18,10,"1"
693,1,6,30,2833,18,10,"1"
1291,-1,7,30,1428,8,6,"1"
137,3,7,30,1428,8,6,"1"
223,-1,8,30,1111,14,10,"-1"
864,3,8,30,1111,14,10,"-1"
24,1,8,30,1111,14,10,"-1"
13,-1,9,30,1248,14,8,"-1"
216,1,9,30,1248,14,8,"-1"
3,-1,9,30,1248,14,8,"-1"
152,3,9,30,1248,14,8,"-1"
4,1,9,30,1248,14,8,"-1"
788,-1,9,30,1248,14,8,"-1"
72,3,9,30,1248,14,8,"-1"
252,3,12,30,3658,12,2,"1"
185,-1,12,30,3658,12,2,"1"
2754,3,12,30,3658,12,2,"1"
56,-1,12,30,3658,12,2,"1"
411,3,12,30,3658,12,2,"1"
5,1,14,30,1217,12,8,"-1"
541,3,14,30,1217,12,8,"-1"
517,-1,14,30,1217,12,8,"-1"
154,3,14,30,1217,12,8,"-1"
338,-1,24,31,977,10,18,"1"
202,3,24,31,977,10,18,"1"
58,-1,24,31,977,10,18,"1"
379,3,24,31,977,10,18,"1"
212,-1,25,31,881,2,14,"1"
669,3,25,31,881,2,14,"1"
212,-1,33,31,797,2,16,"1"
447,3,33,31,797,2,16,"1"
65,-1,33,31,797,2,16,"1"
73,3,33,31,797,2,16,"1"
208,-1,34,31,865,10,2,"-1"
657,3,34,31,865,10,2,"-1"
211,-1,35,31,1450,18,6,"-1"
1239,3,35,31,1450,18,6,"-1"
332,-1,37,31,881,8,12,"1"
549,3,37,31,881,8,12,"1"
208,-1,38,31,931,14,8,"-1"
723,3,38,31,931,14,8,"-1"
244,-1,39,31,918,10,4,"-1"
674,3,39,31,918,10,4,"-1"
250,-1,42,31,767,16,6,"-1"
517,3,42,31,767,16,6,"-1"
236,-1,44,31,965,20,14,"-1"
394,3,44,31,965,20,14,"-1"
209,1,44,31,965,20,14,"-1"
126,3,44,31,965,20,14,"-1"
259,-1,49,31,782,6,18,"1"
453,3,49,31,782,6,18,"1"
66,-1,49,31,782,6,18,"1"
4,3,49,31,782,6,18,"1"
188,-1,50,31,1624,20,6,"-1"
191,3,50,31,1624,20,6,"-1"
424,-1,50,31,1624,20,6,"-1"
268,3,50,31,1624,20,6,"-1"
417,1,50,31,1624,20,6,"-1"
136,3,50,31,1624,20,6,"-1"
32,3,51,31,2884,10,20,"1"
506,-1,51,31,2884,10,20,"1"
604,3,51,31,2884,10,20,"1"
286,1,51,31,2884,10,20,"1"
20,3,51,31,2884,10,20,"1"
246,-1,51,31,2884,10,20,"1"
848,3,51,31,2884,10,20,"1"
342,-1,51,31,2884,10,20,"1"
211,-1,53,31,1414,8,2,"-1"
282,3,53,31,1414,8,2,"-1"
116,-1,53,31,1414,8,2,"-1"
805,3,53,31,1414,8,2,"-1"
230,3,54,31,1104,2,2,"-1"
250,1,54,31,1104,2,2,"-1"
74,3,54,31,1104,2,2,"-1"
373,-1,54,31,1104,2,2,"-1"
177,3,54,31,1104,2,2,"-1"
189,-1,60,31,812,14,10,"1"
29,3,60,31,812,14,10,"1"
592,1,60,31,812,14,10,"1"
2,3,60,31,812,14,10,"1"
73,3,61,31,685,2,18,"1"
245,1,61,31,685,2,18,"1"
168,3,61,31,685,2,18,"1"
199,-1,61,31,685,2,18,"1"
218,3,62,31,581,16,16,"1"
115,1,62,31,581,16,16,"1"
142,3,62,31,581,16,16,"1"
106,-1,62,31,581,16,16,"1"
403,3,63,31,571,2,20,"1"
168,-1,63,31,571,2,20,"1"
457,3,64,31,603,18,14,"1"
146,-1,64,31,603,18,14,"1"
192,-1,65,31,1284,18,10,"-1"
294,3,65,31,1284,18,10,"-1"
798,-1,65,31,1284,18,10,"-1"
282,3,66,31,681,8,10,"1"
144,1,66,31,681,8,10,"1"
49,3,66,31,681,8,10,"1"
206,-1,66,31,681,8,10,"1"
341,3,68,31,901,20,8,"-1"
419,-1,68,31,901,20,8,"-1"
141,3,68,31,901,20,8,"-1"
116,-1,69,31,603,12,12,"1"
83,3,69,31,603,12,12,"1"
166,1,69,31,603,12,12,"1"
78,3,69,31,603,12,12,"1"
160,-1,69,31,603,12,12,"1"
498,3,70,31,614,18,20,"1"
116,-1,70,31,614,18,20,"1"
196,3,71,31,646,18,12,"1"
160,1,71,31,646,18,12,"1"
92,3,71,31,646,18,12,"1"
198,-1,71,31,646,18,12,"1"
221,3,72,31,887,18,18,"1"
173,1,72,31,887,18,18,"1"
22,3,72,31,887,18,18,"1"
414,-1,72,31,887,18,18,"1"
17,3,72,31,887,18,18,"1"
40,1,72,31,887,18,18,"1"
22,3,73,31,2102,16,10,"-1"
2080,-1,73,31,2102,16,10,"-1"
463,3,74,31,1198,16,14,"1"
508,-1,74,31,1198,16,14,"1"
24,3,74,31,1198,16,14,"1"
111,1,74,31,1198,16,14,"1"
92,3,74,31,1198,16,14,"1"
229,3,75,31,680,10,16,"1"
188,1,75,31,680,10,16,"1"
28,3,75,31,680,10,16,"1"
235,-1,75,31,680,10,16,"1"
110,-1,76,31,1101,18,2,"-1"
385,3,76,31,1101,18,2,"-1"
606,-1,76,31,1101,18,2,"-1"
471,-1,77,31,1346,14,4,"-1"
4,3,77,31,1346,14,4,"-1"
92,1,77,31,1346,14,4,"-1"
198,3,77,31,1346,14,4,"-1"
375,-1,77,31,1346,14,4,"-1"
16,3,77,31,1346,14,4,"-1"
190,1,77,31,1346,14,4,"-1"
459,-1,78,31,1635,20,16,"-1"
16,3,78,31,1635,20,16,"-1"
242,1,78,31,1635,20,16,"-1"
225,3,78,31,1635,20,16,"-1"
533,-1,78,31,1635,20,16,"-1"
160,3,78,31,1635,20,16,"-1"
413,-1,79,31,1810,8,6,"1"
6,3,79,31,1810,8,6,"1"
1383,1,79,31,1810,8,6,"1"
8,3,79,31,1810,8,6,"1"
411,3,80,31,1116,16,4,"-1"
429,-1,80,31,1116,16,4,"-1"
276,1,80,31,1116,16,4,"-1"
194,3,81,31,905,8,16,"1"
200,1,81,31,905,8,16,"1"
119,3,81,31,905,8,16,"1"
392,-1,81,31,905,8,16,"1"
407,3,82,31,585,8,18,"1"
178,-1,82,31,585,8,18,"1"
139,-1,83,31,612,12,20,"1"
32,3,83,31,612,12,20,"1"
109,1,83,31,612,12,20,"1"
147,3,83,31,612,12,20,"1"
185,-1,83,31,612,12,20,"1"
244,3,88,31,887,16,12,"1"
175,-1,88,31,887,16,12,"1"
12,3,88,31,887,16,12,"1"
258,1,88,31,887,16,12,"1"
10,3,88,31,887,16,12,"1"
188,-1,88,31,887,16,12,"1"
208,3,92,31,763,14,16,"1"
202,1,92,31,763,14,16,"1"
24,3,92,31,763,14,16,"1"
329,-1,92,31,763,14,16,"1"
447,3,93,31,963,4,2,"-1"
345,-1,93,31,963,4,2,"-1"
171,3,93,31,963,4,2,"-1"
86,3,94,31,635,12,14,"1"
117,-1,94,31,635,12,14,"1"
21,3,94,31,635,12,14,"1"
183,1,94,31,635,12,14,"1"
102,3,94,31,635,12,14,"1"
126,-1,94,31,635,12,14,"1"
405,3,95,31,910,8,8,"1"
450,-1,95,31,910,8,8,"1"
55,3,95,31,910,8,8,"1"
202,-1,96,31,1181,18,4,"-1"
252,3,96,31,1181,18,4,"-1"
418,-1,96,31,1181,18,4,"-1"
309,3,96,31,1181,18,4,"-1"
194,-1,97,31,878,2,8,"1"
269,3,97,31,878,2,8,"1"
415,-1,97,31,878,2,8,"1"
92,3,99,31,1868,12,8,"-1"
1479,-1,99,31,1868,12,8,"-1"
22,3,99,31,1868,12,8,"-1"
275,-1,99,31,1868,12,8,"-1"
56,-1,100,31,617,4,16,"1"
370,3,100,31,617,4,16,"1"
191,-1,100,31,617,4,16,"1"
